文件编号,文件名,日期依据,类型与编号,相关度,定位,已公开技术,对创新边界的影响,证据依据,本轮核对状态,更新日期
1,Domain_Adversarial_Graph_Convolutional_Network_for_Fault_Diagnosis_Under_Variable_Working_Conditions.pdf,2021；PDF载明首次发表2021-04-22,论文,高,PDF3—4页图与域对抗/MMD；PDF5页Algorithm 1,CNN、自动样本图、多感受野GCN、域对抗与MMD；适应使用有标签源域及无标签目标域,变工况适应已有；目标域适应不等同完全未接触新工具的泛化,用户上传PDF；附件日期和题录未作官方数据库独立核验,本轮重点原文复核,2026-10-09
2,多模态数据融合下超声辅助激光熔覆层形性预测_李亚敏.pdf,PDF载明网络首发2026-09-04；与六月期次标注需核验,论文,低,PDF首页及摘要,物理知识、图像及工艺参数融合预测熔覆层形性,跨领域融合参考，不能代替电动工具故障近邻文献,用户上传PDF；附件日期和题录未作官方数据库独立核验,沿用既有原文核读记录，本轮归纳,2026-10-09
3,算力受限场景下基于混合注意力和稀疏激活的轻量化光伏功率预测模型_龙寰.pdf,网络首发2026-06-24（PDF标注）,论文,中,PDF2—3页概述；PDF4—5页压缩；PDF6页混合注意力/MoE；PDF12页结论,时段/token压缩、局部全局混合注意力、稀疏专家条件计算用于光伏功率预测,稀疏激活不是总参数删减；与本项目ELU+1核线性注意力不同，后者仍需补查先前方法,用户上传PDF；附件日期和题录未作官方数据库独立核验,本轮重点原文复核,2026-10-09
4,基于多传感器融合与深度学习的水泵故障诊断方法和系统.pdf,公开2026-06-23；申请2026-03-23,专利申请 CN122258007A,高,PDF第2—3页，权利要求1—9,振动、声音、电流、转速、流量和压力；声图像与工况特征深度融合,多传感器＋工况＋深度学习诊断不能独立作为新颖点,用户上传PDF；附件日期和题录未作官方数据库独立核验,本轮重点原文复核,2026-10-09
5,模块化电动工具在塑料制品生产应急维修中的应用研究_朱斌.pdf,2026年第2期（PDF标注）,论文,低,PDF第1页摘要及正文,模块化电动工具用于塑料生产设备应急维修,工具作为维修器具，不等于工具自身轴承预测性维护,用户上传PDF；附件日期和题录未作官方数据库独立核验,沿用既有原文核读记录，本轮归纳,2026-10-09
6,An_Enhanced_Intelligent_Diagnosis_Method_Based_on_Multi-Sensor_Image_Fusion_via_Improved_Deep_Learning_Network.pdf,2020卷期；PDF首次发表2019-07-12,论文,高,PDF第1、3—4页,多方向振动转彩色图像，改进LeNet-5瓶颈结构诊断,多传感器融合＋改进深度网络已有；主要是振动同类通道,用户上传PDF；附件日期和题录未作官方数据库独立核验,沿用既有原文核读记录，本轮归纳,2026-10-09
7,融合增强和特征精细化网络的无人平台旋转目标检测_蓝鑫.pdf,网络首发2026-08-26（PDF标注）,论文,低,PDF第2页,红外与可见光差异增强、选择性扫描对齐、旋转目标检测,多模态对齐参考，不是电机机械健康近邻,用户上传PDF；附件日期和题录未作官方数据库独立核验,沿用既有原文核读记录，本轮归纳,2026-10-09
8,基于双模态数据融合网络的工业过程控制回路振荡检测_郎恂.pdf,网络首发2026-08-28（PDF标注）,论文,中,PDF第2—3页,视觉拓扑与频域特征、特有/共有融合及通道注意力检测振荡,双模态和注意力并非独有；不同表示不一定来自独立传感器,用户上传PDF；附件日期和题录未作官方数据库独立核验,沿用既有原文核读记录，本轮归纳,2026-10-09
9,考虑模型轻量化设计的PEMFC性能退化预测方法_郑隆举.pdf,网络首发2026-06-03（PDF标注）,论文,中,PDF2、4—5页预处理/并行结构；PDF10—12页表3/4 Params/FLOPs/Train/Infer；PDF14页范围,并行CNN-GRU、MAD/平滑/重构、超参数搜索，报告参数、计算量、训练及推理资源,参数下降不等于计算量和全部推理延迟下降；燃料电池效果不能代替电钻实测,用户上传PDF；附件日期和题录未作官方数据库独立核验,本轮重点原文复核,2026-10-09
10,基于多传感器融合的电机故障诊断算法.pdf,公开2026-01-23；申请2025-10-14,专利申请 CN121385628A,很高,PDF2—3页权利要求1、8—10；PDF10—11页说明书[0020]健康负载标定与季度重标定；PDF12页SNR窗长,振动/电流对齐、负载—谐波健康参考、动态阈值、持续分级报警、SNR自适应窗、季度重标定,质量自适应和参考更新已有；SNR窗不直接等同三通道q学习权重；拟研究独立准入与维修参考验收仍待补证,用户上传PDF；附件日期和题录未作官方数据库独立核验,本轮重点原文复核,2026-10-09
11,地下空间探测多模态仿生机器人及其变形控制系统与方法.pdf,公开2026-08-07；申请2026-07-10,专利申请 CN122518894A,低,PDF第2—4页权利要求1—10,飞行/行走/攀爬变形机器人、多传感器感知及容错控制,多模态主要指运动模式；不是预测性维护核心对比,用户上传PDF；附件日期和题录未作官方数据库独立核验,本轮重点原文复核,2026-10-09
12,无人值守无人机机场智能能源管理协同控制系统及方法.pdf,公开2026-09-08；申请2026-06-11,专利申请 CN122717237A,低至中,PDF2—3页权利要求3、5、8—10；PDF9页[0045—0046],边云能源管理、LSTM、OTA失败回滚、链路质量切换/恢复、振动后二次视觉校验和自检,一般边云、质量切换及版本回退已有；软件版本回滚不同于机械健康参考验收/回退,用户上传PDF；附件日期和题录未作官方数据库独立核验,本轮重点原文复核,2026-10-09
13,基于深度学习的刀具磨损状态监测研究_周文军.pdf,学位论文2024年6月；最早公开可访问日期待核验,学位论文,中,PDF第4页中文摘要；方法与试验目录,加工刀具磨损、振动特征、Pearson选择、GA-LSTM及跨工况验证,刀具刃口磨损不同于电钻轴承；仍说明磨损时序预测已有,用户上传PDF；附件日期和题录未作官方数据库独立核验,沿用既有原文核读记录，本轮归纳,2026-10-09
14,基于多传感器融合的电感绕线设备故障检测方法及系统.pdf,公开2026-01-30；申请2025-10-13,专利申请 CN121432174A,很高,PDF2—4页权利要求1、2、5、9；PDF11—12页[0027—0030]；PDF13页[0035—0036]；PDF15—16页[0042][0048],机械负载转矩多项式基线、摩擦残差、速度波动工况因子、确认健康样本标定健康指数及阈值,负载残差、工况抑制和健康标定已有；当前滑窗基线与由健康样本学习条件参考不同，但区别不自动说明创造性,用户上传PDF；附件日期和题录未作官方数据库独立核验,本轮重点原文复核,2026-10-09
15,一种智能工器具库房管理系统.pdf,公开2025-08-19；申请2025-04-29,专利申请 CN120509824A,中,PDF2—3页权利要求1、3—7；PDF9页[0090]每24h更新行为基线；PDF10页维护,工具管理、数字孪生、电池容量相关维护提醒、LSTM操作行为基线与每日增量更新,工具提醒与一般基线更新已有；行为/电池对象不能等同轴承维修后健康参考受控恢复,用户上传PDF；附件日期和题录未作官方数据库独立核验,本轮重点原文复核,2026-10-09
16,Multitask_Convolutional_Neural_Network_With_Information_Fusion_for_Bearing_Fault_Diagnosis_and_Localization.pdf,2020卷期；PDF首次发表2019-09-25,论文,很高,PDF3—5页工况/机理和重采样；PDF6页多任务；PDF7—8页试验,负载/转速/机理特征、虚拟采样频率重采样、多任务CNN诊断及轴承/测点位置定位,工况与多任务已有；哪个轴承定位与单轴承内圈/滚动体/外圈任务不完全同义,用户上传PDF；附件日期和题录未作官方数据库独立核验,本轮重点原文复核,2026-10-09
17,基于Transformer-LSTM网络的轴承寿命预测.pdf,2024年第43卷第6期；DOI 10.13465/j.cnki.jvs.2024.06.034,论文,很高,PDF1—4页结构；PDF5页2.4节前95%/后5%；PDF6页IMS934/50；PDF7—8页试验,Transformer–LSTM组合学习轴承趋势并指数拟合寿命终点，试验为同轴承轨迹内划分,网络组合已有；同轨迹尾段预测不直接支持独立新工具的早期RUL及3—7天预警,用户上传PDF；附件日期和题录未作官方数据库独立核验,本轮重点原文复核,2026-10-09
18,多模态残差注意力网络异步电动机故障诊断_古玉锋.pdf,2026年第46卷第1期；DOI 10.16450/j.cnki.issn.1004-6801.2026.01.017,论文,很高,PDF1页摘要；PDF2—4页PCA/分支/CBAM；PDF7—8页表6—8及KAIST测试,振动、电压、电流、温度；PCA、异构残差分支、CBAM；实验平台及KAIST验证,传感器组合和特征注意力已有；不是独立采集质量。论文有跨数据集验证，不能泛称所有现有融合都没有验证,用户上传PDF；附件日期和题录未作官方数据库独立核验,本轮重点原文复核,2026-10-09
