record_id,original_mat_id,fault_label,fault_type,class_name,load_hp,nominal_rpm,defect_diameter_inch,defect_diameter_mm,damage_label,outer_race_position,specimen_group,channel,original_sample_rate,sample_rate,sample_rate_source,sample_rate_basis,vibration_unit,mirror_path,official_file_url,download_url,original_dataset_url,mat_channel_key,rpm_source,sha256,official_sha256,official_match,official_verification,bytes,original_samples,rpm,raw_file,split,prepared_samples,window_count
CWRU-X097,97,0,normal,正常,0,1797,0.0,0.0,正常,,normal-00-DE,DE,48000,12000,https://github.com/Aalto-Arotor/openConMo/blob/d2924b6683f1ba49661fae63df963d71efa10c15/scripts/CWRU_download.py#L318,secondary normal=48k mapping; not a MAT field,数据集加速度原单位（未独立校准）,Normal/97_Normal_0.mat,https://engineering.case.edu/sites/default/files/97.mat,https://raw.githubusercontent.com/s-whynot/CWRU-dataset/0d07cb1caf0a5a68a955c2f43cfc21b9a208406a/Normal/97_Normal_0.mat,https://engineering.case.edu/bearingdatacenter,X097_DE_time,MAT测量元数据,16bf48babcf1c7ac224bc1a81cd9eafdb27e42d5cf559761907e067e8eeadf3c,16bf48babcf1c7ac224bc1a81cd9eafdb27e42d5cf559761907e067e8eeadf3c,True,official_download_byte_match,3903344,243938,1796.0,raw/97.mat,test,60985,118
CWRU-X098,98,0,normal,正常,1,1772,0.0,0.0,正常,,normal-00-DE,DE,48000,12000,https://github.com/Aalto-Arotor/openConMo/blob/d2924b6683f1ba49661fae63df963d71efa10c15/scripts/CWRU_download.py#L318,secondary normal=48k mapping; not a MAT field,数据集加速度原单位（未独立校准）,Normal/98_Normal_1.mat,https://engineering.case.edu/sites/default/files/98.mat,https://raw.githubusercontent.com/s-whynot/CWRU-dataset/0d07cb1caf0a5a68a955c2f43cfc21b9a208406a/Normal/98_Normal_1.mat,https://engineering.case.edu/bearingdatacenter,X098_DE_time,官网工况表标称值（此MAT未提供RPM）,37e6612c05e65c415dcfa2ab27a3fda648a5863160fa898b884a14743044e045,37e6612c05e65c415dcfa2ab27a3fda648a5863160fa898b884a14743044e045,True,official_download_byte_match,7742720,483903,1772.0,raw/98.mat,validation,120976,235
CWRU-X099,99,0,normal,正常,2,1750,0.0,0.0,正常,,normal-00-DE,DE,48000,12000,https://github.com/Aalto-Arotor/openConMo/blob/d2924b6683f1ba49661fae63df963d71efa10c15/scripts/CWRU_download.py#L318,secondary normal=48k mapping; not a MAT field,数据集加速度原单位（未独立校准）,Normal/99_Normal_2.mat,https://engineering.case.edu/sites/default/files/99.mat,https://raw.githubusercontent.com/s-whynot/CWRU-dataset/0d07cb1caf0a5a68a955c2f43cfc21b9a208406a/Normal/99_Normal_2.mat,https://engineering.case.edu/bearingdatacenter,X099_DE_time,官网工况表标称值（此MAT未提供RPM）,4b97e6b5361f45efb6951dc3b1aebcdb3b89cb69d0f96d6f5c297dd9f45eee75,4b97e6b5361f45efb6951dc3b1aebcdb3b89cb69d0f96d6f5c297dd9f45eee75,True,official_download_byte_match,15503928,485063,1750.0,raw/99.mat,train,121266,235
CWRU-X100,100,0,normal,正常,3,1730,0.0,0.0,正常,,normal-00-DE,DE,48000,12000,https://github.com/Aalto-Arotor/openConMo/blob/d2924b6683f1ba49661fae63df963d71efa10c15/scripts/CWRU_download.py#L318,secondary normal=48k mapping; not a MAT field,数据集加速度原单位（未独立校准）,Normal/100_Normal_3.mat,https://engineering.case.edu/sites/default/files/100.mat,https://raw.githubusercontent.com/s-whynot/CWRU-dataset/0d07cb1caf0a5a68a955c2f43cfc21b9a208406a/Normal/100_Normal_3.mat,https://engineering.case.edu/bearingdatacenter,X100_DE_time,MAT测量元数据,88a5990cb541320e91505a1d72139e1993500ffe6e292a451011667f4138ca78,88a5990cb541320e91505a1d72139e1993500ffe6e292a451011667f4138ca78,True,official_download_byte_match,7770624,485643,1725.0,raw/100.mat,train,121411,236
CWRU-X105,105,1,inner_race,内圈缺陷,0,1797,0.007,0.17779999999999999,小尺寸人工缺陷,,inner_race-07-DE,DE,12000,12000,https://engineering.case.edu/bearingdatacenter/12k-drive-end-bearing-fault-data,official 12k drive-end experimental group,数据集加速度原单位（未独立校准）,12k_Drive_End_Bearing_Fault_Data/IR/007/105_0.mat,https://engineering.case.edu/sites/default/files/105.mat,https://raw.githubusercontent.com/s-whynot/CWRU-dataset/0d07cb1caf0a5a68a955c2f43cfc21b9a208406a/12k_Drive_End_Bearing_Fault_Data/IR/007/105_0.mat,https://engineering.case.edu/bearingdatacenter,X105_DE_time,MAT测量元数据,f80b0ea04fd06b372a0eaec7c056543ea37e4bb4727a5b173d2a5bacd2aa9cab,f80b0ea04fd06b372a0eaec7c056543ea37e4bb4727a5b173d2a5bacd2aa9cab,True,official_download_byte_match,2910768,121265,1797.0,raw/105.mat,train,121265,235
CWRU-X106,106,1,inner_race,内圈缺陷,1,1772,0.007,0.17779999999999999,小尺寸人工缺陷,,inner_race-07-DE,DE,12000,12000,https://engineering.case.edu/bearingdatacenter/12k-drive-end-bearing-fault-data,official 12k drive-end experimental group,数据集加速度原单位（未独立校准）,12k_Drive_End_Bearing_Fault_Data/IR/007/106_1.mat,https://engineering.case.edu/sites/default/files/106.mat,https://raw.githubusercontent.com/s-whynot/CWRU-dataset/0d07cb1caf0a5a68a955c2f43cfc21b9a208406a/12k_Drive_End_Bearing_Fault_Data/IR/007/106_1.mat,https://engineering.case.edu/bearingdatacenter,X106_DE_time,MAT测量元数据,e5cec7cdd138e6cd1deb9ed8634e5aaa9bc1bd7094ddc075bff606580eb6e883,e5cec7cdd138e6cd1deb9ed8634e5aaa9bc1bd7094ddc075bff606580eb6e883,True,official_download_byte_match,2928192,121991,1772.0,raw/106.mat,test,121991,237
CWRU-X107,107,1,inner_race,内圈缺陷,2,1750,0.007,0.17779999999999999,小尺寸人工缺陷,,inner_race-07-DE,DE,12000,12000,https://engineering.case.edu/bearingdatacenter/12k-drive-end-bearing-fault-data,official 12k drive-end experimental group,数据集加速度原单位（未独立校准）,12k_Drive_End_Bearing_Fault_Data/IR/007/107_2.mat,https://engineering.case.edu/sites/default/files/107.mat,https://raw.githubusercontent.com/s-whynot/CWRU-dataset/0d07cb1caf0a5a68a955c2f43cfc21b9a208406a/12k_Drive_End_Bearing_Fault_Data/IR/007/107_2.mat,https://engineering.case.edu/bearingdatacenter,X107_DE_time,MAT测量元数据,111ba8996a115684661a13c913bd74d8029a59294492f88aec7b03e175fdd388,111ba8996a115684661a13c913bd74d8029a59294492f88aec7b03e175fdd388,True,official_download_byte_match,2931672,122136,1748.0,raw/107.mat,validation,122136,237
CWRU-X108,108,1,inner_race,内圈缺陷,3,1730,0.007,0.17779999999999999,小尺寸人工缺陷,,inner_race-07-DE,DE,12000,12000,https://engineering.case.edu/bearingdatacenter/12k-drive-end-bearing-fault-data,official 12k drive-end experimental group,数据集加速度原单位（未独立校准）,12k_Drive_End_Bearing_Fault_Data/IR/007/108_3.mat,https://engineering.case.edu/sites/default/files/108.mat,https://raw.githubusercontent.com/s-whynot/CWRU-dataset/0d07cb1caf0a5a68a955c2f43cfc21b9a208406a/12k_Drive_End_Bearing_Fault_Data/IR/007/108_3.mat,https://engineering.case.edu/bearingdatacenter,X108_DE_time,MAT测量元数据,d415f0e65128bfa0b118c2051c988fb0dc6ce3e4c8aa45fdc5ad1d0967462e7d,d415f0e65128bfa0b118c2051c988fb0dc6ce3e4c8aa45fdc5ad1d0967462e7d,True,official_download_byte_match,2950416,122917,1721.0,raw/108.mat,train,122917,239
CWRU-X169,169,1,inner_race,内圈缺陷,0,1797,0.014,0.35559999999999997,中尺寸人工缺陷,,inner_race-14-DE,DE,12000,12000,https://engineering.case.edu/bearingdatacenter/12k-drive-end-bearing-fault-data,official 12k drive-end experimental group,数据集加速度原单位（未独立校准）,12k_Drive_End_Bearing_Fault_Data/IR/014/169_0.mat,https://engineering.case.edu/sites/default/files/169.mat,https://raw.githubusercontent.com/s-whynot/CWRU-dataset/0d07cb1caf0a5a68a955c2f43cfc21b9a208406a/12k_Drive_End_Bearing_Fault_Data/IR/014/169_0.mat,https://engineering.case.edu/bearingdatacenter,X169_DE_time,MAT测量元数据,f5448673725c4ea2735fe7d3fe4b16ad82b217eac6b62c4bf351c4549b0a5229,f5448673725c4ea2735fe7d3fe4b16ad82b217eac6b62c4bf351c4549b0a5229,True,official_download_byte_match,2924712,121846,1796.0,raw/169.mat,validation,121846,236
CWRU-X170,170,1,inner_race,内圈缺陷,1,1772,0.014,0.35559999999999997,中尺寸人工缺陷,,inner_race-14-DE,DE,12000,12000,https://engineering.case.edu/bearingdatacenter/12k-drive-end-bearing-fault-data,official 12k drive-end experimental group,数据集加速度原单位（未独立校准）,12k_Drive_End_Bearing_Fault_Data/IR/014/170_1.mat,https://engineering.case.edu/sites/default/files/170.mat,https://raw.githubusercontent.com/s-whynot/CWRU-dataset/0d07cb1caf0a5a68a955c2f43cfc21b9a208406a/12k_Drive_End_Bearing_Fault_Data/IR/014/170_1.mat,https://engineering.case.edu/bearingdatacenter,X170_DE_time,MAT测量元数据,bcb73a5208b67265468232a2e342f53719850901671d0ee28494f3af97621f46,bcb73a5208b67265468232a2e342f53719850901671d0ee28494f3af97621f46,True,official_download_byte_match,2924712,121846,1774.0,raw/170.mat,train,121846,236
CWRU-X171,171,1,inner_race,内圈缺陷,2,1750,0.014,0.35559999999999997,中尺寸人工缺陷,,inner_race-14-DE,DE,12000,12000,https://engineering.case.edu/bearingdatacenter/12k-drive-end-bearing-fault-data,official 12k drive-end experimental group,数据集加速度原单位（未独立校准）,12k_Drive_End_Bearing_Fault_Data/IR/014/171_2.mat,https://engineering.case.edu/sites/default/files/171.mat,https://raw.githubusercontent.com/s-whynot/CWRU-dataset/0d07cb1caf0a5a68a955c2f43cfc21b9a208406a/12k_Drive_End_Bearing_Fault_Data/IR/014/171_2.mat,https://engineering.case.edu/bearingdatacenter,X171_DE_time,MAT测量元数据,63d0fdc1a68e64610ddfaf56a9c224d6137ab7b5c0d318eea1d542b9e5ffc029,63d0fdc1a68e64610ddfaf56a9c224d6137ab7b5c0d318eea1d542b9e5ffc029,True,official_download_byte_match,2924712,121846,1752.0,raw/171.mat,train,121846,236
CWRU-X172,172,1,inner_race,内圈缺陷,3,1730,0.014,0.35559999999999997,中尺寸人工缺陷,,inner_race-14-DE,DE,12000,12000,https://engineering.case.edu/bearingdatacenter/12k-drive-end-bearing-fault-data,official 12k drive-end experimental group,数据集加速度原单位（未独立校准）,12k_Drive_End_Bearing_Fault_Data/IR/014/172_3.mat,https://engineering.case.edu/sites/default/files/172.mat,https://raw.githubusercontent.com/s-whynot/CWRU-dataset/0d07cb1caf0a5a68a955c2f43cfc21b9a208406a/12k_Drive_End_Bearing_Fault_Data/IR/014/172_3.mat,https://engineering.case.edu/bearingdatacenter,X172_DE_time,MAT测量元数据,f75170ceef70d5da475671de0d2e52a0acd9b3883ad422b6deaf2907d888ba24,f75170ceef70d5da475671de0d2e52a0acd9b3883ad422b6deaf2907d888ba24,True,official_download_byte_match,2921232,121701,1728.0,raw/172.mat,train,121701,236
CWRU-X209,209,1,inner_race,内圈缺陷,0,1797,0.021,0.5334,大尺寸人工缺陷,,inner_race-21-DE,DE,12000,12000,https://engineering.case.edu/bearingdatacenter/12k-drive-end-bearing-fault-data,official 12k drive-end experimental group,数据集加速度原单位（未独立校准）,12k_Drive_End_Bearing_Fault_Data/IR/021/209_0.mat,https://engineering.case.edu/sites/default/files/209.mat,https://raw.githubusercontent.com/s-whynot/CWRU-dataset/0d07cb1caf0a5a68a955c2f43cfc21b9a208406a/12k_Drive_End_Bearing_Fault_Data/IR/021/209_0.mat,https://engineering.case.edu/bearingdatacenter,X209_DE_time,MAT测量元数据,9f723d6d9d2eba714c6dc50f99321dffa73d8b1e4d3605675b2c2251511eff80,9f723d6d9d2eba714c6dc50f99321dffa73d8b1e4d3605675b2c2251511eff80,True,official_download_byte_match,2931672,122136,1797.0,raw/209.mat,train,122136,237
CWRU-X210,210,1,inner_race,内圈缺陷,1,1772,0.021,0.5334,大尺寸人工缺陷,,inner_race-21-DE,DE,12000,12000,https://engineering.case.edu/bearingdatacenter/12k-drive-end-bearing-fault-data,official 12k drive-end experimental group,数据集加速度原单位（未独立校准）,12k_Drive_End_Bearing_Fault_Data/IR/021/210_1.mat,https://engineering.case.edu/sites/default/files/210.mat,https://raw.githubusercontent.com/s-whynot/CWRU-dataset/0d07cb1caf0a5a68a955c2f43cfc21b9a208406a/12k_Drive_End_Bearing_Fault_Data/IR/021/210_1.mat,https://engineering.case.edu/bearingdatacenter,X210_DE_time,MAT测量元数据,596692397e77e129a00f7b7a61c4c3ffd6c7a59979b89039e7f70a7431cce1c7,596692397e77e129a00f7b7a61c4c3ffd6c7a59979b89039e7f70a7431cce1c7,True,official_download_byte_match,2917752,121556,1774.0,raw/210.mat,train,121556,236
CWRU-X211,211,1,inner_race,内圈缺陷,2,1750,0.021,0.5334,大尺寸人工缺陷,,inner_race-21-DE,DE,12000,12000,https://engineering.case.edu/bearingdatacenter/12k-drive-end-bearing-fault-data,official 12k drive-end experimental group,数据集加速度原单位（未独立校准）,12k_Drive_End_Bearing_Fault_Data/IR/021/211_2.mat,https://engineering.case.edu/sites/default/files/211.mat,https://raw.githubusercontent.com/s-whynot/CWRU-dataset/0d07cb1caf0a5a68a955c2f43cfc21b9a208406a/12k_Drive_End_Bearing_Fault_Data/IR/021/211_2.mat,https://engineering.case.edu/bearingdatacenter,X211_DE_time,MAT测量元数据,8296a02ee489c2d16cbd9fc278ca2e29b22475cec70ebe840558c78b6b743dc1,8296a02ee489c2d16cbd9fc278ca2e29b22475cec70ebe840558c78b6b743dc1,True,official_download_byte_match,2924712,121846,1752.0,raw/211.mat,train,121846,236
CWRU-X212,212,1,inner_race,内圈缺陷,3,1730,0.021,0.5334,大尺寸人工缺陷,,inner_race-21-DE,DE,12000,12000,https://engineering.case.edu/bearingdatacenter/12k-drive-end-bearing-fault-data,official 12k drive-end experimental group,数据集加速度原单位（未独立校准）,12k_Drive_End_Bearing_Fault_Data/IR/021/212_3.mat,https://engineering.case.edu/sites/default/files/212.mat,https://raw.githubusercontent.com/s-whynot/CWRU-dataset/0d07cb1caf0a5a68a955c2f43cfc21b9a208406a/12k_Drive_End_Bearing_Fault_Data/IR/021/212_3.mat,https://engineering.case.edu/bearingdatacenter,X212_DE_time,MAT测量元数据,bfe13761f545a26b217db897a12d27e16fec74306aa86ade8dbdc8ebe587c253,bfe13761f545a26b217db897a12d27e16fec74306aa86ade8dbdc8ebe587c253,True,official_download_byte_match,2928192,121991,1728.0,raw/212.mat,train,121991,237
CWRU-X118,118,2,ball,滚动体缺陷,0,1797,0.007,0.17779999999999999,小尺寸人工缺陷,,ball-07-DE,DE,12000,12000,https://engineering.case.edu/bearingdatacenter/12k-drive-end-bearing-fault-data,official 12k drive-end experimental group,数据集加速度原单位（未独立校准）,12k_Drive_End_Bearing_Fault_Data/B/007/118_0.mat,https://engineering.case.edu/sites/default/files/118.mat,https://raw.githubusercontent.com/s-whynot/CWRU-dataset/0d07cb1caf0a5a68a955c2f43cfc21b9a208406a/12k_Drive_End_Bearing_Fault_Data/B/007/118_0.mat,https://engineering.case.edu/bearingdatacenter,X118_DE_time,MAT测量元数据,b00628f8dd8d1d930af77fa465d1e5cdb385fe259489053f91f3680bda7f640e,b00628f8dd8d1d930af77fa465d1e5cdb385fe259489053f91f3680bda7f640e,True,official_download_byte_match,2942112,122571,1796.0,raw/118.mat,train,122571,238
CWRU-X119,119,2,ball,滚动体缺陷,1,1772,0.007,0.17779999999999999,小尺寸人工缺陷,,ball-07-DE,DE,12000,12000,https://engineering.case.edu/bearingdatacenter/12k-drive-end-bearing-fault-data,official 12k drive-end experimental group,数据集加速度原单位（未独立校准）,12k_Drive_End_Bearing_Fault_Data/B/007/119_1.mat,https://engineering.case.edu/sites/default/files/119.mat,https://raw.githubusercontent.com/s-whynot/CWRU-dataset/0d07cb1caf0a5a68a955c2f43cfc21b9a208406a/12k_Drive_End_Bearing_Fault_Data/B/007/119_1.mat,https://engineering.case.edu/bearingdatacenter,X119_DE_time,MAT测量元数据,bc72d9df7668219e004a0f711232b23ec0aed393eb9bd8f9f5483426f6b51330,bc72d9df7668219e004a0f711232b23ec0aed393eb9bd8f9f5483426f6b51330,True,official_download_byte_match,2914248,121410,1772.0,raw/119.mat,train,121410,236
CWRU-X120,120,2,ball,滚动体缺陷,2,1750,0.007,0.17779999999999999,小尺寸人工缺陷,,ball-07-DE,DE,12000,12000,https://engineering.case.edu/bearingdatacenter/12k-drive-end-bearing-fault-data,official 12k drive-end experimental group,数据集加速度原单位（未独立校准）,12k_Drive_End_Bearing_Fault_Data/B/007/120_2.mat,https://engineering.case.edu/sites/default/files/120.mat,https://raw.githubusercontent.com/s-whynot/CWRU-dataset/0d07cb1caf0a5a68a955c2f43cfc21b9a208406a/12k_Drive_End_Bearing_Fault_Data/B/007/120_2.mat,https://engineering.case.edu/bearingdatacenter,X120_DE_time,MAT测量元数据,e0b7a584c49af52335ff0904a97d4afcf02d045625c582de63a7c85ce10b489c,e0b7a584c49af52335ff0904a97d4afcf02d045625c582de63a7c85ce10b489c,True,official_download_byte_match,2917752,121556,1748.0,raw/120.mat,train,121556,236
CWRU-X121,121,2,ball,滚动体缺陷,3,1730,0.007,0.17779999999999999,小尺寸人工缺陷,,ball-07-DE,DE,12000,12000,https://engineering.case.edu/bearingdatacenter/12k-drive-end-bearing-fault-data,official 12k drive-end experimental group,数据集加速度原单位（未独立校准）,12k_Drive_End_Bearing_Fault_Data/B/007/121_3.mat,https://engineering.case.edu/sites/default/files/121.mat,https://raw.githubusercontent.com/s-whynot/CWRU-dataset/0d07cb1caf0a5a68a955c2f43cfc21b9a208406a/12k_Drive_End_Bearing_Fault_Data/B/007/121_3.mat,https://engineering.case.edu/bearingdatacenter,X121_DE_time,MAT测量元数据,52f686e984ba8e9b04a047a57416271cdb322cee57ee105dce58926a24b966cb,52f686e984ba8e9b04a047a57416271cdb322cee57ee105dce58926a24b966cb,True,official_download_byte_match,2917752,121556,1722.0,raw/121.mat,train,121556,236
CWRU-X185,185,2,ball,滚动体缺陷,0,1797,0.014,0.35559999999999997,中尺寸人工缺陷,,ball-14-DE,DE,12000,12000,https://engineering.case.edu/bearingdatacenter/12k-drive-end-bearing-fault-data,official 12k drive-end experimental group,数据集加速度原单位（未独立校准）,12k_Drive_End_Bearing_Fault_Data/B/014/185_0.mat,https://engineering.case.edu/sites/default/files/185.mat,https://raw.githubusercontent.com/s-whynot/CWRU-dataset/0d07cb1caf0a5a68a955c2f43cfc21b9a208406a/12k_Drive_End_Bearing_Fault_Data/B/014/185_0.mat,https://engineering.case.edu/bearingdatacenter,X185_DE_time,MAT测量元数据,5bea2c60f177215ba3ec4ae287faf745d7e14aed1a12efe9e37b27c27044bafc,5bea2c60f177215ba3ec4ae287faf745d7e14aed1a12efe9e37b27c27044bafc,True,official_download_byte_match,2924712,121846,1796.0,raw/185.mat,train,121846,236
CWRU-X186,186,2,ball,滚动体缺陷,1,1772,0.014,0.35559999999999997,中尺寸人工缺陷,,ball-14-DE,DE,12000,12000,https://engineering.case.edu/bearingdatacenter/12k-drive-end-bearing-fault-data,official 12k drive-end experimental group,数据集加速度原单位（未独立校准）,12k_Drive_End_Bearing_Fault_Data/B/014/186_1.mat,https://engineering.case.edu/sites/default/files/186.mat,https://raw.githubusercontent.com/s-whynot/CWRU-dataset/0d07cb1caf0a5a68a955c2f43cfc21b9a208406a/12k_Drive_End_Bearing_Fault_Data/B/014/186_1.mat,https://engineering.case.edu/bearingdatacenter,X186_DE_time,MAT测量元数据,1b3b6f3ad38e891feaa8026fe957b34f62f9082785089cc74f6878acdfe88ec5,1b3b6f3ad38e891feaa8026fe957b34f62f9082785089cc74f6878acdfe88ec5,True,official_download_byte_match,2931672,122136,1772.0,raw/186.mat,train,122136,237
CWRU-X187,187,2,ball,滚动体缺陷,2,1750,0.014,0.35559999999999997,中尺寸人工缺陷,,ball-14-DE,DE,12000,12000,https://engineering.case.edu/bearingdatacenter/12k-drive-end-bearing-fault-data,official 12k drive-end experimental group,数据集加速度原单位（未独立校准）,12k_Drive_End_Bearing_Fault_Data/B/014/187_2.mat,https://engineering.case.edu/sites/default/files/187.mat,https://raw.githubusercontent.com/s-whynot/CWRU-dataset/0d07cb1caf0a5a68a955c2f43cfc21b9a208406a/12k_Drive_End_Bearing_Fault_Data/B/014/187_2.mat,https://engineering.case.edu/bearingdatacenter,X187_DE_time,MAT测量元数据,0f1338cce89beb5c8d8e5e154579bc576354e7c7d1617ebd1759662c6f3100b2,0f1338cce89beb5c8d8e5e154579bc576354e7c7d1617ebd1759662c6f3100b2,True,official_download_byte_match,2928192,121991,1749.0,raw/187.mat,validation,121991,237
CWRU-X188,188,2,ball,滚动体缺陷,3,1730,0.014,0.35559999999999997,中尺寸人工缺陷,,ball-14-DE,DE,12000,12000,https://engineering.case.edu/bearingdatacenter/12k-drive-end-bearing-fault-data,official 12k drive-end experimental group,数据集加速度原单位（未独立校准）,12k_Drive_End_Bearing_Fault_Data/B/014/188_3.mat,https://engineering.case.edu/sites/default/files/188.mat,https://raw.githubusercontent.com/s-whynot/CWRU-dataset/0d07cb1caf0a5a68a955c2f43cfc21b9a208406a/12k_Drive_End_Bearing_Fault_Data/B/014/188_3.mat,https://engineering.case.edu/bearingdatacenter,X188_DE_time,MAT测量元数据,1981614324d653c2522bea68fd4fd87e337495b117d12596db67abd1e10e7443,1981614324d653c2522bea68fd4fd87e337495b117d12596db67abd1e10e7443,True,official_download_byte_match,2931672,122136,1724.0,raw/188.mat,train,122136,237
CWRU-X222,222,2,ball,滚动体缺陷,0,1797,0.021,0.5334,大尺寸人工缺陷,,ball-21-DE,DE,12000,12000,https://engineering.case.edu/bearingdatacenter/12k-drive-end-bearing-fault-data,official 12k drive-end experimental group,数据集加速度原单位（未独立校准）,12k_Drive_End_Bearing_Fault_Data/B/021/222_0.mat,https://engineering.case.edu/sites/default/files/222.mat,https://raw.githubusercontent.com/s-whynot/CWRU-dataset/0d07cb1caf0a5a68a955c2f43cfc21b9a208406a/12k_Drive_End_Bearing_Fault_Data/B/021/222_0.mat,https://engineering.case.edu/bearingdatacenter,X222_DE_time,MAT测量元数据,fcc0ee740fa123b1f4683f555458891719efb2857afd9fdee63e8fde0ed14469,fcc0ee740fa123b1f4683f555458891719efb2857afd9fdee63e8fde0ed14469,True,official_download_byte_match,2928192,121991,1796.0,raw/222.mat,train,121991,237
CWRU-X223,223,2,ball,滚动体缺陷,1,1772,0.021,0.5334,大尺寸人工缺陷,,ball-21-DE,DE,12000,12000,https://engineering.case.edu/bearingdatacenter/12k-drive-end-bearing-fault-data,official 12k drive-end experimental group,数据集加速度原单位（未独立校准）,12k_Drive_End_Bearing_Fault_Data/B/021/223_1.mat,https://engineering.case.edu/sites/default/files/223.mat,https://raw.githubusercontent.com/s-whynot/CWRU-dataset/0d07cb1caf0a5a68a955c2f43cfc21b9a208406a/12k_Drive_End_Bearing_Fault_Data/B/021/223_1.mat,https://engineering.case.edu/bearingdatacenter,X223_DE_time,MAT测量元数据,7287410fd2217e3b332c5ab4732a68963be046d7d17bd40efa41cabe6a0514e5,7287410fd2217e3b332c5ab4732a68963be046d7d17bd40efa41cabe6a0514e5,True,official_download_byte_match,2921232,121701,1774.0,raw/223.mat,test,121701,236
CWRU-X224,224,2,ball,滚动体缺陷,2,1750,0.021,0.5334,大尺寸人工缺陷,,ball-21-DE,DE,12000,12000,https://engineering.case.edu/bearingdatacenter/12k-drive-end-bearing-fault-data,official 12k drive-end experimental group,数据集加速度原单位（未独立校准）,12k_Drive_End_Bearing_Fault_Data/B/021/224_2.mat,https://engineering.case.edu/sites/default/files/224.mat,https://raw.githubusercontent.com/s-whynot/CWRU-dataset/0d07cb1caf0a5a68a955c2f43cfc21b9a208406a/12k_Drive_End_Bearing_Fault_Data/B/021/224_2.mat,https://engineering.case.edu/bearingdatacenter,X224_DE_time,MAT测量元数据,8a16894c2ff4d6bcdb9f4c345c0d5f13737b3bd6d15015d6b566c86e7a3ee7b7,8a16894c2ff4d6bcdb9f4c345c0d5f13737b3bd6d15015d6b566c86e7a3ee7b7,True,official_download_byte_match,2931672,122136,1754.0,raw/224.mat,validation,122136,237
CWRU-X225,225,2,ball,滚动体缺陷,3,1730,0.021,0.5334,大尺寸人工缺陷,,ball-21-DE,DE,12000,12000,https://engineering.case.edu/bearingdatacenter/12k-drive-end-bearing-fault-data,official 12k drive-end experimental group,数据集加速度原单位（未独立校准）,12k_Drive_End_Bearing_Fault_Data/B/021/225_3.mat,https://engineering.case.edu/sites/default/files/225.mat,https://raw.githubusercontent.com/s-whynot/CWRU-dataset/0d07cb1caf0a5a68a955c2f43cfc21b9a208406a/12k_Drive_End_Bearing_Fault_Data/B/021/225_3.mat,https://engineering.case.edu/bearingdatacenter,X225_DE_time,MAT测量元数据,ece92fa141af03473fdfca80d00d9112472a20340224514e79979c6ddc97a6cf,ece92fa141af03473fdfca80d00d9112472a20340224514e79979c6ddc97a6cf,True,official_download_byte_match,2931672,122136,1729.0,raw/225.mat,validation,122136,237
CWRU-X130,130,3,outer_race,外圈缺陷,0,1797,0.007,0.17779999999999999,小尺寸人工缺陷,6 o'clock,outer_race-07-DE,DE,12000,12000,https://engineering.case.edu/bearingdatacenter/12k-drive-end-bearing-fault-data,official 12k drive-end experimental group,数据集加速度原单位（未独立校准）,12k_Drive_End_Bearing_Fault_Data/OR/007/@6/130@6_0.mat,https://engineering.case.edu/sites/default/files/130.mat,https://raw.githubusercontent.com/s-whynot/CWRU-dataset/0d07cb1caf0a5a68a955c2f43cfc21b9a208406a/12k_Drive_End_Bearing_Fault_Data/OR/007/%406/130%406_0.mat,https://engineering.case.edu/bearingdatacenter,X130_DE_time,MAT测量元数据,35a095307d0971477049b343a1b5981dde465a58fb7f233ad89b035068c1717d,35a095307d0971477049b343a1b5981dde465a58fb7f233ad89b035068c1717d,True,official_download_byte_match,2928192,121991,1796.0,raw/130.mat,train,121991,237
CWRU-X131,131,3,outer_race,外圈缺陷,1,1772,0.007,0.17779999999999999,小尺寸人工缺陷,6 o'clock,outer_race-07-DE,DE,12000,12000,https://engineering.case.edu/bearingdatacenter/12k-drive-end-bearing-fault-data,official 12k drive-end experimental group,数据集加速度原单位（未独立校准）,12k_Drive_End_Bearing_Fault_Data/OR/007/@6/131@6_1.mat,https://engineering.case.edu/sites/default/files/131.mat,https://raw.githubusercontent.com/s-whynot/CWRU-dataset/0d07cb1caf0a5a68a955c2f43cfc21b9a208406a/12k_Drive_End_Bearing_Fault_Data/OR/007/%406/131%406_1.mat,https://engineering.case.edu/bearingdatacenter,X131_DE_time,MAT测量元数据,7883f7b83beadc54b2f301767f9145ce07055707182fb0278fdf0a6bb53ce3cb,7883f7b83beadc54b2f301767f9145ce07055707182fb0278fdf0a6bb53ce3cb,True,official_download_byte_match,2938632,122426,1773.0,raw/131.mat,train,122426,238
CWRU-X132,132,3,outer_race,外圈缺陷,2,1750,0.007,0.17779999999999999,小尺寸人工缺陷,6 o'clock,outer_race-07-DE,DE,12000,12000,https://engineering.case.edu/bearingdatacenter/12k-drive-end-bearing-fault-data,official 12k drive-end experimental group,数据集加速度原单位（未独立校准）,12k_Drive_End_Bearing_Fault_Data/OR/007/@6/132@6_2.mat,https://engineering.case.edu/sites/default/files/132.mat,https://raw.githubusercontent.com/s-whynot/CWRU-dataset/0d07cb1caf0a5a68a955c2f43cfc21b9a208406a/12k_Drive_End_Bearing_Fault_Data/OR/007/%406/132%406_2.mat,https://engineering.case.edu/bearingdatacenter,X132_DE_time,MAT测量元数据,17a69ed5d2270b42532e678e35bbe2fa04a2cc413cf2bf9e88c7692de8662d18,17a69ed5d2270b42532e678e35bbe2fa04a2cc413cf2bf9e88c7692de8662d18,True,official_download_byte_match,2914248,121410,1750.0,raw/132.mat,test,121410,236
CWRU-X133,133,3,outer_race,外圈缺陷,3,1730,0.007,0.17779999999999999,小尺寸人工缺陷,6 o'clock,outer_race-07-DE,DE,12000,12000,https://engineering.case.edu/bearingdatacenter/12k-drive-end-bearing-fault-data,official 12k drive-end experimental group,数据集加速度原单位（未独立校准）,12k_Drive_End_Bearing_Fault_Data/OR/007/@6/133@6_3.mat,https://engineering.case.edu/sites/default/files/133.mat,https://raw.githubusercontent.com/s-whynot/CWRU-dataset/0d07cb1caf0a5a68a955c2f43cfc21b9a208406a/12k_Drive_End_Bearing_Fault_Data/OR/007/%406/133%406_3.mat,https://engineering.case.edu/bearingdatacenter,X133_DE_time,MAT测量元数据,53f076cb0d905cf46bffaee7736abce8224ffed777deed03c0c863d762a90c71,53f076cb0d905cf46bffaee7736abce8224ffed777deed03c0c863d762a90c71,True,official_download_byte_match,2942112,122571,1725.0,raw/133.mat,validation,122571,238
CWRU-X197,197,3,outer_race,外圈缺陷,0,1797,0.014,0.35559999999999997,中尺寸人工缺陷,6 o'clock,outer_race-14-DE,DE,12000,12000,https://engineering.case.edu/bearingdatacenter/12k-drive-end-bearing-fault-data,official 12k drive-end experimental group,数据集加速度原单位（未独立校准）,12k_Drive_End_Bearing_Fault_Data/OR/014/197@6_0.mat,https://engineering.case.edu/sites/default/files/197.mat,https://raw.githubusercontent.com/s-whynot/CWRU-dataset/0d07cb1caf0a5a68a955c2f43cfc21b9a208406a/12k_Drive_End_Bearing_Fault_Data/OR/014/197%406_0.mat,https://engineering.case.edu/bearingdatacenter,X197_DE_time,MAT测量元数据,fa571b47cd942f9514a920b403fb7c053cd442bb2963a360a96d0f61432f03e9,fa571b47cd942f9514a920b403fb7c053cd442bb2963a360a96d0f61432f03e9,True,official_download_byte_match,2924712,121846,1796.0,raw/197.mat,train,121846,236
CWRU-X198,198,3,outer_race,外圈缺陷,1,1772,0.014,0.35559999999999997,中尺寸人工缺陷,6 o'clock,outer_race-14-DE,DE,12000,12000,https://engineering.case.edu/bearingdatacenter/12k-drive-end-bearing-fault-data,official 12k drive-end experimental group,数据集加速度原单位（未独立校准）,12k_Drive_End_Bearing_Fault_Data/OR/014/198@6_1.mat,https://engineering.case.edu/sites/default/files/198.mat,https://raw.githubusercontent.com/s-whynot/CWRU-dataset/0d07cb1caf0a5a68a955c2f43cfc21b9a208406a/12k_Drive_End_Bearing_Fault_Data/OR/014/198%406_1.mat,https://engineering.case.edu/bearingdatacenter,X198_DE_time,MAT测量元数据,dbd58e4585ca8f8332c708b15936987ec0990ca701359fd2483dae2719df5b49,dbd58e4585ca8f8332c708b15936987ec0990ca701359fd2483dae2719df5b49,True,official_download_byte_match,2931672,122136,1772.0,raw/198.mat,train,122136,237
CWRU-X199,199,3,outer_race,外圈缺陷,2,1750,0.014,0.35559999999999997,中尺寸人工缺陷,6 o'clock,outer_race-14-DE,DE,12000,12000,https://engineering.case.edu/bearingdatacenter/12k-drive-end-bearing-fault-data,official 12k drive-end experimental group,数据集加速度原单位（未独立校准）,12k_Drive_End_Bearing_Fault_Data/OR/014/199@6_2.mat,https://engineering.case.edu/sites/default/files/199.mat,https://raw.githubusercontent.com/s-whynot/CWRU-dataset/0d07cb1caf0a5a68a955c2f43cfc21b9a208406a/12k_Drive_End_Bearing_Fault_Data/OR/014/199%406_2.mat,https://engineering.case.edu/bearingdatacenter,X199_DE_time,MAT测量元数据,ca4e6407fdb68845a6973da6028477911a62d018580063749fe956441be95cf2,ca4e6407fdb68845a6973da6028477911a62d018580063749fe956441be95cf2,True,official_download_byte_match,2924712,121846,1749.0,raw/199.mat,train,121846,236
CWRU-X200,200,3,outer_race,外圈缺陷,3,1730,0.014,0.35559999999999997,中尺寸人工缺陷,6 o'clock,outer_race-14-DE,DE,12000,12000,https://engineering.case.edu/bearingdatacenter/12k-drive-end-bearing-fault-data,official 12k drive-end experimental group,数据集加速度原单位（未独立校准）,12k_Drive_End_Bearing_Fault_Data/OR/014/200@6_3.mat,https://engineering.case.edu/sites/default/files/200.mat,https://raw.githubusercontent.com/s-whynot/CWRU-dataset/0d07cb1caf0a5a68a955c2f43cfc21b9a208406a/12k_Drive_End_Bearing_Fault_Data/OR/014/200%406_3.mat,https://engineering.case.edu/bearingdatacenter,X200_DE_time,MAT测量元数据,2526483d2701220a700df8e6c9db0c527641b0887225907f4096610dd7120f4b,2526483d2701220a700df8e6c9db0c527641b0887225907f4096610dd7120f4b,True,official_download_byte_match,2928192,121991,1723.0,raw/200.mat,train,121991,237
CWRU-X234,234,3,outer_race,外圈缺陷,0,1797,0.021,0.5334,大尺寸人工缺陷,6 o'clock,outer_race-21-DE,DE,12000,12000,https://engineering.case.edu/bearingdatacenter/12k-drive-end-bearing-fault-data,official 12k drive-end experimental group,数据集加速度原单位（未独立校准）,12k_Drive_End_Bearing_Fault_Data/OR/021/@6/234_0.mat,https://engineering.case.edu/sites/default/files/234.mat,https://raw.githubusercontent.com/s-whynot/CWRU-dataset/0d07cb1caf0a5a68a955c2f43cfc21b9a208406a/12k_Drive_End_Bearing_Fault_Data/OR/021/%406/234_0.mat,https://engineering.case.edu/bearingdatacenter,X234_DE_time,MAT测量元数据,ebcbdb96612e8085bbdbf81f0e5e8e8a8d1a693d1ec559c4894f7792771aa9b2,ebcbdb96612e8085bbdbf81f0e5e8e8a8d1a693d1ec559c4894f7792771aa9b2,True,official_download_byte_match,2938632,122426,1796.0,raw/234.mat,train,122426,238
CWRU-X235,235,3,outer_race,外圈缺陷,1,1772,0.021,0.5334,大尺寸人工缺陷,6 o'clock,outer_race-21-DE,DE,12000,12000,https://engineering.case.edu/bearingdatacenter/12k-drive-end-bearing-fault-data,official 12k drive-end experimental group,数据集加速度原单位（未独立校准）,12k_Drive_End_Bearing_Fault_Data/OR/021/@6/235_1.mat,https://engineering.case.edu/sites/default/files/235.mat,https://raw.githubusercontent.com/s-whynot/CWRU-dataset/0d07cb1caf0a5a68a955c2f43cfc21b9a208406a/12k_Drive_End_Bearing_Fault_Data/OR/021/%406/235_1.mat,https://engineering.case.edu/bearingdatacenter,X235_DE_time,MAT测量元数据,667e4bf1f213f92d10dca71d494ad002d8fd22bfd8004b31a4c71ccf0d764b66,667e4bf1f213f92d10dca71d494ad002d8fd22bfd8004b31a4c71ccf0d764b66,True,official_download_byte_match,2928192,121991,1771.0,raw/235.mat,train,121991,237
CWRU-X236,236,3,outer_race,外圈缺陷,2,1750,0.021,0.5334,大尺寸人工缺陷,6 o'clock,outer_race-21-DE,DE,12000,12000,https://engineering.case.edu/bearingdatacenter/12k-drive-end-bearing-fault-data,official 12k drive-end experimental group,数据集加速度原单位（未独立校准）,12k_Drive_End_Bearing_Fault_Data/OR/021/@6/236_2.mat,https://engineering.case.edu/sites/default/files/236.mat,https://raw.githubusercontent.com/s-whynot/CWRU-dataset/0d07cb1caf0a5a68a955c2f43cfc21b9a208406a/12k_Drive_End_Bearing_Fault_Data/OR/021/%406/236_2.mat,https://engineering.case.edu/bearingdatacenter,X236_DE_time,MAT测量元数据,c411d6d9826cba8073430555dc833e05fcbe4c38535f3eb7f03c525ea6797589,c411d6d9826cba8073430555dc833e05fcbe4c38535f3eb7f03c525ea6797589,True,official_download_byte_match,2935152,122281,1748.0,raw/236.mat,validation,122281,237
CWRU-X237,237,3,outer_race,外圈缺陷,3,1730,0.021,0.5334,大尺寸人工缺陷,6 o'clock,outer_race-21-DE,DE,12000,12000,https://engineering.case.edu/bearingdatacenter/12k-drive-end-bearing-fault-data,official 12k drive-end experimental group,数据集加速度原单位（未独立校准）,12k_Drive_End_Bearing_Fault_Data/OR/021/@6/237_3.mat,https://engineering.case.edu/sites/default/files/237.mat,https://raw.githubusercontent.com/s-whynot/CWRU-dataset/0d07cb1caf0a5a68a955c2f43cfc21b9a208406a/12k_Drive_End_Bearing_Fault_Data/OR/021/%406/237_3.mat,https://engineering.case.edu/bearingdatacenter,X237_DE_time,MAT测量元数据,233d1edb2daa963658369119e389e30f02aca551dd7bb028ab33e7ba63edfd20,233d1edb2daa963658369119e389e30f02aca551dd7bb028ab33e7ba63edfd20,True,official_download_byte_match,2928192,121991,1721.0,raw/237.mat,train,121991,237
