线索编号,题名,标识（送审稿记载）,核验状态,核验重点,来源,送审稿原题录,送审稿原摘要
R1,一种基于数字孪生的手电钻全生命周期管理系统,CN120911309A,待独立核验题录与原文,核验同对象完整链路与权利要求；最高优先级,用户上传：AI预测性维护电动工具运维系统科技查新报告（内部送审稿）.docx，第六部分,江苏弗林特机电科技有限公司. 一种基于数字孪生的手电钻全生命周期管理系统：CN120911309A[P]. 2025-11-07.,该文献面向手电钻，采集机身振动、电机电流和电机温度信号，在端侧进行时频分析和滑动窗口特征提取，以基于注意力机制的 Transformer 深度融合多维特征，形成健康状态向量；系统计算关键部件剩余耐久度和整机剩余寿命，提供机群级管理看板，并在健康度低于阈值时触发预测性维护工单。与三个查新点均高度相关。
R2,用于确定手持式工具机的剩余寿命的方法和手持式工具机,CN116776526A,待独立核验题录与原文,核验寿命计算输入、时间单位和提醒条件,用户上传：AI预测性维护电动工具运维系统科技查新报告（内部送审稿）.docx，第六部分,罗伯特·博世有限公司. 用于确定手持式工具机的剩余寿命的方法和手持式工具机：CN116776526A[P]. 2023-09-19.,该文献根据手持式电动工具的运行模式、运行时间以及电流、加速度或转速等运行数据计算剩余寿命，可在工具端进行计算，并在达到临界剩余寿命时通过人机界面或无线终端发出提示。与查新点 3 密切相关。
R3,基于电动工具的售后服务系统及方法,CN119579184A,待独立核验题录与原文,核验健康分级、故障级别与预警依据,用户上传：AI预测性维护电动工具运维系统科技查新报告（内部送审稿）.docx，第六部分,格力博（江苏）股份有限公司. 基于电动工具的售后服务系统及方法：CN119579184A[P]. 2025-03-07.,该文献采集电动工具工作参数和故障信息，由云端进行故障分类与健康检测，并根据部件健康状态和故障信息划分三级故障等级、实施分级预警和客户端可视化。与查新点 3 密切相关。
R4,用于监控电动手持式工具机的方法和电动手持式工具机,CN121132556A,待独立核验题录与原文,核验维护记录如何影响阈值及恢复机制,用户上传：AI预测性维护电动工具运维系统科技查新报告（内部送审稿）.docx，第六部分,罗伯特·博世有限公司. 用于监控电动手持式工具机的方法和电动手持式工具机：CN121132556A[P]. 2025-12-16.,该文献以有效运行时间、运行类型或功率消耗进行加权，并在累计运行时长达到阈值时提示维护；维护记录还可用于调整阈值。其直接涉及电动手持工具的维护提醒，但未采用多模态深度学习。
R5,基于多传感器融合的工业设备故障预测与健康管理方法,CN120509001A,待独立核验题录与原文,核验解耦、时序、健康和边缘模块的关系,用户上传：AI预测性维护电动工具运维系统科技查新报告（内部送审稿）.docx，第六部分,南京迅集科技有限公司. 基于多传感器融合的工业设备故障预测与健康管理方法：CN120509001A[P]. 2025-08-19.,该文献对工业设备多源传感数据进行信号解耦和模态相关性分析，构建结合双向 LSTM 与自注意力机制的混合时序模型，预测剩余寿命和退化趋势，建立多维健康评价指标体系，并通过边缘计算推送维护建议。与三个查新点的组合关系高度相关。
R6,多元信息融合的旋转机械自适应迁移故障诊断方法,CN117786451A,待独立核验题录与原文,核验注意力、域适应及目标域数据要求,用户上传：AI预测性维护电动工具运维系统科技查新报告（内部送审稿）.docx，第六部分,西安电子科技大学. 多元信息融合的旋转机械自适应迁移故障诊断方法：CN117786451A[P]. 2024-03-29.,该文献融合多传感器特征，采用注意力机制自适应调整不同特征贡献，并通过域适应损失减小新旧工况下融合特征分布差异，以提高跨工况故障诊断精度。与查新点 1 相关。
R7,一种数据间因果表征解耦与因果强度嵌入的故障诊断方法,CN120995223A,待独立核验题录与原文,核验故障/工况特征的区分与具体约束,用户上传：AI预测性维护电动工具运维系统科技查新报告（内部送审稿）.docx，第六部分,合肥工业大学. 一种数据间因果表征解耦与因果强度嵌入的故障诊断方法：CN120995223A[P]. 2025-11-21.,该文献在多转速、多负载和多传感器场景中，将故障相关因果特征与工况、转速、负载及传感器域相关非因果特征进行解耦。与查新点 1 的工况解耦思想相关。
R8,一种设备故障在线监测方法、系统、电子设备及产品,CN120316563A,待独立核验题录与原文,核验元学习、蒸馏与边缘实测条件,用户上传：AI预测性维护电动工具运维系统科技查新报告（内部送审稿）.docx，第六部分,北京华科众合科技有限公司. 一种设备故障在线监测方法、系统、电子设备及产品：CN120316563A[P]. 2025-07-15.,该文献针对复杂工况和小样本，采用元学习训练故障分类模型，再利用知识蒸馏生成轻量级学生模型并部署在边缘设备，实现低时延在线监测。与查新点 2 相关。
R9,系统剩余寿命预测方法、装置、设备及存储介质,CN116151088A,待独立核验题录与原文,核验注意力LSTM及多传感器寿命定义,用户上传：AI预测性维护电动工具运维系统科技查新报告（内部送审稿）.docx，第六部分,"中国联合网络通信集团有限公司, 联通云数据有限公司. 系统剩余寿命预测方法、装置、设备及存储介质：CN116151088A[P]. 2023-05-23.",该文献将多时段、多传感器退化数据输入带注意力机制的 LSTM 模型进行剩余寿命预测，以注意力权重表征变量与寿命的相关性。与查新点 2 相关。
R10,多传感器信息融合的传动系统故障诊断方法及系统,CN114993669A,待独立核验题录与原文,核验信号来源、融合层次及诊断任务,用户上传：AI预测性维护电动工具运维系统科技查新报告（内部送审稿）.docx，第六部分,燕山大学. 多传感器信息融合的传动系统故障诊断方法及系统：CN114993669A[P]. 2022-09-02.,该文献采集振动、电机定子电流和声音信号，分别通过卷积网络提取特征并进行多任务融合诊断，说明旋转传动系统采用多源信号融合诊断已经公开。与查新点 1 相关。
R11,Tool Remaining Useful Life Prediction Method Based on Multi-Sensor Fusion under Variable Working Conditions,DOI 10.3390/machines10100884,待独立核验题录与原文,确认“工具”对象、工况分支、寿命标签及卷页,用户上传：AI预测性维护电动工具运维系统科技查新报告（内部送审稿）.docx，第六部分,"Huang Q, Qian C, Li C, et al. Tool Remaining Useful Life Prediction Method Based on Multi-Sensor Fusion under Variable Working Conditions[J]. Machines, 2022, 10(10): 884. DOI:10.3390/machines10100884.",该文将低频工况信号与高频多传感器状态信号分支处理，采用因子分解机、深度可分离卷积和残差注意力融合，在变工况下预测工具剩余寿命。与查新点 1、2 相关。
R12,A Lightweight Transformer-LSTM Method for Long-Sequence Battery State-of-Health Estimation,DOI 10.1109/ECCE-Europe62795.2025.11238603,待独立核验题录与原文,核验会议题录、模型压缩及资源评价,用户上传：AI预测性维护电动工具运维系统科技查新报告（内部送审稿）.docx，第六部分,"Yin Y, Liu Y, Xing L, et al. A Lightweight Transformer-LSTM Method for Long-Sequence Battery State-of-Health Estimation[C]//2025 ECCE Europe. IEEE, 2025: 1-6. DOI:10.1109/ECCE-Europe62795.2025.11238603.",该文明确提出轻量化 Transformer-LSTM 框架，结合多头自注意力、位置编码、LSTM 门控和自动混合精度以降低计算开销。应用对象为锂电池，但模型结构与查新点 2 高度相关。
R13,Fault diagnosis in electric motors using multi-mode time series and ensemble transformers network,DOI 10.1038/s41598-025-89695-6,待独立核验题录与原文,核验模态、模型结构、数据划分及准确率,用户上传：AI预测性维护电动工具运维系统科技查新报告（内部送审稿）.docx，第六部分,"Xu B, Li H, Ding R, Zhou F. Fault diagnosis in electric motors using multi-mode time series and ensemble transformers network[J]. Scientific Reports, 2025, 15: 7834. DOI:10.1038/s41598-025-89695-6.",该文融合三相电流、三轴振动、设备声音和环境声音，采用并行 Transformer 与自注意力进行电机故障识别，报道诊断准确率 99.10%。与查新点 1、2 相关。
R14,"Fusion-based transmission system fault diagnosis system research incorporating vibration, current, and temperature multimodal signals",DOI 10.1117/12.3116221,待独立核验题录与原文,核验SPIE题录、三层融合及真实诊断对象,用户上传：AI预测性维护电动工具运维系统科技查新报告（内部送审稿）.docx，第六部分,"Zhan Y, Li P, Wen L, et al. Fusion-based transmission system fault diagnosis system research incorporating vibration, current, and temperature multimodal signals[C]//Proc. SPIE 14252. 2026: 142520V. DOI:10.1117/12.3116221.",该文将振动、电流和温度信号在信号层、特征层和决策层进行三级融合，用于轴承、齿轮及复合故障诊断。与查新点 1 相关。
