文件编号,文件名,日期依据,类型与编号,相关度,定位,已公开技术,对创新边界的影响
1,Domain_Adversarial_Graph_Convolutional_Network_for_Fault_Diagnosis_Under_Variable_Working_Conditions.pdf,2021；PDF载明首次发表2021-04-22,论文,高,PDF第1、3—4页,CNN特征、图结构学习、GCN、域对抗与MMD处理变工况,变工况适应已有研究；不宜宣称加入工况适应即创新
2,多模态数据融合下超声辅助激光熔覆层形性预测_李亚敏.pdf,PDF载明网络首发2026-09-04；与六月期次标注需核验,论文,低,PDF首页及摘要,物理知识、图像及工艺参数融合预测熔覆层形性,跨领域融合参考，不能代替电动工具故障近邻文献
3,算力受限场景下基于混合注意力和稀疏激活的轻量化光伏功率预测模型_龙寰.pdf,网络首发2026-06-24（PDF标注）,论文,中,PDF第2—3页,时段压缩、混合注意力、MoE稀疏激活及条件计算,轻量化与稀疏注意力一般路线已有，不宜笼统主张
4,基于多传感器融合与深度学习的水泵故障诊断方法和系统.pdf,公开2026-06-23；申请2026-03-23,专利申请 CN122258007A,高,PDF第2—3页，权利要求1—9,振动、声音、电流、转速、流量和压力；声图像与工况特征深度融合,多传感器＋工况＋深度学习诊断不能独立作为新颖点
5,模块化电动工具在塑料制品生产应急维修中的应用研究_朱斌.pdf,2026年第2期（PDF标注）,论文,低,PDF第1页摘要及正文,模块化电动工具用于塑料生产设备应急维修,工具作为维修器具，不等于工具自身轴承预测性维护
6,An_Enhanced_Intelligent_Diagnosis_Method_Based_on_Multi-Sensor_Image_Fusion_via_Improved_Deep_Learning_Network.pdf,2020卷期；PDF首次发表2019-07-12,论文,高,PDF第1、3—4页,多方向振动转彩色图像，改进LeNet-5瓶颈结构诊断,多传感器融合＋改进深度网络已有；主要是振动同类通道
7,融合增强和特征精细化网络的无人平台旋转目标检测_蓝鑫.pdf,网络首发2026-08-26（PDF标注）,论文,低,PDF第2页,红外与可见光差异增强、选择性扫描对齐、旋转目标检测,多模态对齐参考，不是电机机械健康近邻
8,基于双模态数据融合网络的工业过程控制回路振荡检测_郎恂.pdf,网络首发2026-08-28（PDF标注）,论文,中,PDF第2—3页,视觉拓扑与频域特征、特有/共有融合及通道注意力检测振荡,双模态和注意力并非独有；不同表示不一定来自独立传感器
9,考虑模型轻量化设计的PEMFC性能退化预测方法_郑隆举.pdf,网络首发2026-06-03（PDF标注）,论文,中,PDF第2—3页,预处理、CNN-GRU并行退化预测与超参数优化,轻量化时序退化预测可作对比，物理对象不同
10,基于多传感器融合的电机故障诊断算法.pdf,公开2026-01-23；申请2025-10-14,专利申请 CN121385628A,很高,PDF第2—3页权利要求1、8—10；说明书基线及窗长段落,振动/电流延迟校正、负载基线动态阈值、持续跟踪分级报警、信噪比自适应窗；基线季度重标定,工况基线、持续确认、分级报警、质量自适应和基线更新的宽泛概念已公开
11,地下空间探测多模态仿生机器人及其变形控制系统与方法.pdf,公开2026-08-07；申请2026-07-10,专利申请 CN122518894A,低,PDF第2—4页权利要求1—10,飞行/行走/攀爬变形机器人、多传感器感知及容错控制,多模态主要指运动模式；不是预测性维护核心对比
12,无人值守无人机机场智能能源管理协同控制系统及方法.pdf,公开2026-09-08；申请2026-06-11,专利申请 CN122717237A,低至中,PDF第2—3页权利要求1—10,边云能源管理、LSTM预测、OTA、链路质量、振动触发视觉告警,边云、轻量部署和报警工程组合不足以单独支撑创新
13,基于深度学习的刀具磨损状态监测研究_周文军.pdf,学位论文2024年6月；最早公开可访问日期待核验,学位论文,中,PDF第4页中文摘要；方法与试验目录,加工刀具磨损、振动特征、Pearson选择、GA-LSTM及跨工况验证,刀具刃口磨损不同于电钻轴承；仍说明磨损时序预测已有
14,基于多传感器融合的电感绕线设备故障检测方法及系统.pdf,公开2026-01-30；申请2025-10-13,专利申请 CN121432174A,很高,PDF第2—4页权利要求1、2、5、9；说明书对应段落,高频注入、电流/编码器融合、机械负载转矩多项式基线与摩擦残差,负载分离/基线残差不能笼统作为新发明；其具体路线不同于健康样本条件回归
15,一种智能工器具库房管理系统.pdf,公开2025-08-19；申请2025-04-29,专利申请 CN120509824A,中,PDF第2—3页权利要求1、3—7,库房多模态管理、数字孪生、工单权限、电动工具电池容量衰减维护提醒,电动工具管理、寿命显示和维护提醒已有；对象不是轴承机械退化
16,Multitask_Convolutional_Neural_Network_With_Information_Fusion_for_Bearing_Fault_Diagnosis_and_Localization.pdf,2020卷期；PDF首次发表2019-09-25,论文,很高,PDF第1、3—5页,负载/转速与振动、虚拟采样频率重采样、特征图、多任务CNN诊断定位,加入转速负载、多输出与特征融合不是独有机制
17,基于Transformer-LSTM网络的轴承寿命预测.pdf,2024年第43卷第6期；DOI 10.13465/j.cnki.jvs.2024.06.034,论文,很高,PDF第1—4页（图像人工核读）；图3、5、6,Transformer-LSTM轴承寿命预测；LSTM重构解码器、并串联关系,直接压缩Transformer＋LSTM预测轴承寿命的创新空间；不能把网络名称组合作为主要新颖点
18,多模态残差注意力网络异步电动机故障诊断_古玉锋.pdf,2026年第46卷第1期；DOI 10.16450/j.cnki.issn.1004-6801.2026.01.017,论文,很高,PDF第1、3—4页；方法2.1—2.3,振动、电压、电流、温度；PCA、残差分支、CBAM融合,当前传感器组合＋残差注意力很接近，普通特征注意力不能等同全新质量约束
19,多模态残差注意力网络异步电动机故障诊断.pdf,同18,重复版本,同18,与18题名、作者、DOI一致,同一论文的不同PDF版本，非字节相同,合并计数，保留文件来源
