汇报引用编号,上传文件编号,文件名,日期依据,原文定位,阅读相关度
P1,10,基于多传感器融合的电机故障诊断算法.pdf,公开2026-01-23；申请2025-10-14,PDF第2—3页权利要求1、8—10；说明书基线及窗长段落,很高
P2,14,基于多传感器融合的电感绕线设备故障检测方法及系统.pdf,公开2026-01-30；申请2025-10-13,PDF第2—4页权利要求1、2、5、9；说明书对应段落,很高
P3,4,基于多传感器融合与深度学习的水泵故障诊断方法和系统.pdf,公开2026-06-23；申请2026-03-23,PDF第2—3页，权利要求1—9,高
P4,15,一种智能工器具库房管理系统.pdf,公开2025-08-19；申请2025-04-29,PDF第2—3页权利要求1、3—7,中
P5,11,地下空间探测多模态仿生机器人及其变形控制系统与方法.pdf,公开2026-08-07；申请2026-07-10,PDF第2—4页权利要求1—10,低
P6,12,无人值守无人机机场智能能源管理协同控制系统及方法.pdf,公开2026-09-08；申请2026-06-11,PDF第2—3页权利要求1—10,低至中
L1,6,An_Enhanced_Intelligent_Diagnosis_Method_Based_on_Multi-Sensor_Image_Fusion_via_Improved_Deep_Learning_Network.pdf,2020卷期；PDF首次发表2019-07-12,PDF第1、3—4页,高
L2,18,多模态残差注意力网络异步电动机故障诊断_古玉锋.pdf,2026年第46卷第1期；DOI 10.16450/j.cnki.issn.1004-6801.2026.01.017,PDF第1、3—4页；方法2.1—2.3,很高
L3,16,Multitask_Convolutional_Neural_Network_With_Information_Fusion_for_Bearing_Fault_Diagnosis_and_Localization.pdf,2020卷期；PDF首次发表2019-09-25,PDF第1、3—5页,很高
L4,1,Domain_Adversarial_Graph_Convolutional_Network_for_Fault_Diagnosis_Under_Variable_Working_Conditions.pdf,2021；PDF载明首次发表2021-04-22,PDF第1、3—4页,高
L5,17,基于Transformer-LSTM网络的轴承寿命预测.pdf,2024年第43卷第6期；DOI 10.13465/j.cnki.jvs.2024.06.034,PDF第1—4页（图像人工核读）；图3、5、6,很高
L6,13,基于深度学习的刀具磨损状态监测研究_周文军.pdf,学位论文2024年6月；最早公开可访问日期待核验,PDF第4页中文摘要；方法与试验目录,中
L7,9,考虑模型轻量化设计的PEMFC性能退化预测方法_郑隆举.pdf,网络首发2026-06-03（PDF标注）,PDF第2—3页,中
L8,3,算力受限场景下基于混合注意力和稀疏激活的轻量化光伏功率预测模型_龙寰.pdf,网络首发2026-06-24（PDF标注）,PDF第2—3页,中
L9,8,基于双模态数据融合网络的工业过程控制回路振荡检测_郎恂.pdf,网络首发2026-08-28（PDF标注）,PDF第2—3页,中
L10,7,融合增强和特征精细化网络的无人平台旋转目标检测_蓝鑫.pdf,网络首发2026-08-26（PDF标注）,PDF第2页,低
L11,2,多模态数据融合下超声辅助激光熔覆层形性预测_李亚敏.pdf,PDF载明网络首发2026-09-04；与六月期次标注需核验,PDF首页及摘要,低
L12,5,模块化电动工具在塑料制品生产应急维修中的应用研究_朱斌.pdf,2026年第2期（PDF标注）,PDF第1页摘要及正文,低
