run_id,source,label_origin,tool,tool_name,damage,damage_name,load,rpm,seed,window_seconds,vibration_sample_rate_hz,current_sample_rate_hz,temperature_sample_rate_hz,vibration_raw_rms,vibration_rms,vibration_kurtosis,vibration_peak_hz,vibration_spectral_centroid_hz,vibration_fft_resolution_hz,vibration_low_band_power,vibration_high_band_power,vibration_total_spectral_power,current_mean,current_rms,current_ripple,temperature_rise,temperature_mean_c,temperature_slope,shaft_frequency_hz,current_harmonic_1_amplitude,current_harmonic_2_amplitude,current_harmonic_3_amplitude,current_harmonic_distortion_ratio
drill-normal-load025-seed42,synthetic_raw_waveform_lab,generator_setting,drill,电钻,normal,正常,0.25,1800.0,42,2.0,25600.0,25600.0,10.0,0.6725642884030268,0.6504337159605312,1.6590634998622327,30.0,49.41156399341296,0.5,0.4203172389267181,0.0016266549089769362,0.421943893835695,3.249714189525389,3.2547579482898508,0.18112699509820548,0.3847645153226047,25.170382923877973,0.19241213953160244,30.0,0.23941838525357304,0.07616848448862916,0.03878770504219839,0.3570146393958904
drill-normal-load025-seed43,synthetic_raw_waveform_lab,generator_setting,drill,电钻,normal,正常,0.25,1800.0,43,2.0,25600.0,25600.0,10.0,0.6714309072599582,0.6497154957485877,1.656096292112743,30.0,49.823762538457856,0.5,0.42094030013346034,0.0016683968400294756,0.4226086969734898,3.2498490676090546,3.2549046371282238,0.18134286464973326,0.3500454621882234,25.17741446845135,0.19407294405619718,30.0,0.2398571298342091,0.0765364366756785,0.038925205740449144,0.35798878309183896
drill-normal-load075-seed42,synthetic_raw_waveform_lab,generator_setting,drill,电钻,normal,正常,0.75,1800.0,42,2.0,25600.0,25600.0,10.0,1.1036966128477763,1.0849219721456094,1.6565440011575399,30.0,45.09460580182604,0.5,1.1718136975181455,0.0034308338841212887,1.1752445314022666,5.7497141895253865,5.7562865374259555,0.2749935266905885,0.7568540166649989,25.357667935934803,0.38824378721517844,30.0,0.36382439362836033,0.11535707282702268,0.06345117212257496,0.3618669179490455
drill-normal-load075-seed43,synthetic_raw_waveform_lab,generator_setting,drill,电钻,normal,正常,0.75,1800.0,43,2.0,25600.0,25600.0,10.0,1.1025950069291164,1.0841362746228298,1.6543448047856453,30.0,45.37519831709638,0.5,1.1726417849011026,0.003507286275682112,1.1761490711767846,5.749849067609052,5.756431396404964,0.2752055981118938,0.7221349635306176,25.364699480508175,0.38990459173977315,30.0,0.36425199080982856,0.11578008786784613,0.06344975188202948,0.3624582327645177
drill-mild-load025-seed42,synthetic_raw_waveform_lab,generator_setting,drill,电钻,mild,轻度,0.25,1800.0,42,2.0,25600.0,25600.0,10.0,0.767669675759074,0.6675835668882698,1.8374891992723394,30.0,221.9978026444378,0.5,0.4211935888397034,0.02334710840613835,0.4445406972458416,3.6997141895253884,3.707305496612785,0.237126466342056,0.6080182161280412,25.282753931112065,0.30991112814174826,30.0,0.2936777399993691,0.135016772709261,0.08097169691989847,0.5360825960577665
drill-mild-load025-seed43,synthetic_raw_waveform_lab,generator_setting,drill,电钻,mild,轻度,0.25,1800.0,43,2.0,25600.0,25600.0,10.0,0.7668394536567446,0.6663170974926069,1.822730050880556,30.0,214.99180562058012,0.5,0.4218101320413846,0.022372355588255535,0.44418248762964024,3.6998490676090547,3.7074529302368693,0.23732700401421156,0.5732991629936599,25.28978547568545,0.3115719326663444,30.0,0.29409583596928013,0.1354211027606787,0.080975728735523,0.5365070352427662
drill-mild-load075-seed42,synthetic_raw_waveform_lab,generator_setting,drill,电钻,mild,轻度,0.75,1800.0,42,2.0,25600.0,25600.0,10.0,1.1815081288459117,1.100212242952125,1.7472232416641087,30.0,143.32805574208632,0.5,1.1715460465599683,0.037094134008738094,1.2086401805687066,6.199714189525387,6.2085192494800765,0.33053780322714016,0.9801077174704353,25.4700389431689,0.5057427758253269,30.0,0.4181229956716086,0.17464138347815242,0.10611348524159345,0.48873624922448156
drill-mild-load075-seed43,synthetic_raw_waveform_lab,generator_setting,drill,电钻,mild,轻度,0.75,1800.0,43,2.0,25600.0,25600.0,10.0,1.180599446321293,1.0990549203437732,1.74016809496655,30.0,140.27545280249691,0.5,1.1724076152043645,0.03592754628206663,1.2083351614864313,6.199849067609052,6.208664620587142,0.33073843108664247,0.9453886643360541,25.477070487742274,0.5074035803499211,30.0,0.4185423327900344,0.17508418447666405,0.1060819843459857,0.4891120323287649
drill-moderate-load025-seed42,synthetic_raw_waveform_lab,generator_setting,drill,电钻,moderate,中度,0.25,1800.0,42,2.0,25600.0,25600.0,10.0,1.0941128786569538,0.8320238909323142,3.71748431071619,30.0,1312.7433212989588,0.5,0.42724829853836954,0.26384323034954604,0.6910915288879155,4.299714189525387,4.3113895062725325,0.3170762734594777,0.9056898172019565,25.432581940757537,0.4665764462886083,30.0,0.3659744221101422,0.2143131149703931,0.13841554753674354,0.6971126806108868
drill-moderate-load025-seed43,synthetic_raw_waveform_lab,generator_setting,drill,电钻,moderate,中度,0.25,1800.0,43,2.0,25600.0,25600.0,10.0,1.0936824836617047,0.8285157053304982,3.670636149343114,30.0,1296.7261998021786,0.5,0.42809562780391924,0.2577302564809512,0.6858258842848703,4.299849067609053,4.311537872590893,0.3172645939388235,0.8709707640675752,25.43961348533091,0.4682372508132024,30.0,0.3663845884894619,0.21476671391947855,0.13841595191481612,0.697373178269011
drill-moderate-load075-seed42,synthetic_raw_waveform_lab,generator_setting,drill,电钻,moderate,中度,0.75,1800.0,42,2.0,25600.0,25600.0,10.0,1.478209110055418,1.2453986500193412,2.6984778560379636,30.0,823.5170251633915,0.5,1.1779852442311063,0.37111755665418933,1.5491028008852952,6.7997141895253845,6.811998915404137,0.4089207309910684,1.2777793185443471,25.619866952814363,0.6624080939721897,30.0,0.4904461684431993,0.2541376973506031,0.1637384152360298,0.6164144537827931
drill-moderate-load075-seed43,synthetic_raw_waveform_lab,generator_setting,drill,电钻,moderate,中度,0.75,1800.0,43,2.0,25600.0,25600.0,10.0,1.4776110825309965,1.243111207755113,2.6779899696024656,30.0,815.3469894523291,0.5,1.179145766719328,0.3656399891695846,1.5447857558889124,6.799849067609051,6.812144807322347,0.40910821754778887,1.2430602654099658,25.626898497387735,0.6640688984967824,30.0,0.4908573034672808,0.2545855531647133,0.16373785079788583,0.6166647166694986
drill-severe-load025-seed42,synthetic_raw_waveform_lab,generator_setting,drill,电钻,severe,重度,0.25,1800.0,42,2.0,25600.0,25600.0,10.0,1.62482069368046,1.2047021982940935,6.418800560226692,30.0,2213.7547623420937,0.5,0.4385541445454134,1.0114838862937257,1.4500380308391387,5.049714189525386,5.067216412572072,0.42079540865573706,1.2777793185443471,25.619866952814363,0.6624080939721897,30.0,0.45625557598400684,0.31397202005882097,0.21113671791748098,0.8292745288373717
drill-severe-load025-seed43,synthetic_raw_waveform_lab,generator_setting,drill,电钻,severe,重度,0.25,1800.0,43,2.0,25600.0,25600.0,10.0,1.6246587732394144,1.203454923061499,6.396451074647922,30.0,2209.3864530815936,0.5,0.4393827161026566,1.0072256855529307,1.4466084016555874,5.049849067609053,5.06736498005492,0.4209658364463672,1.2430602654099658,25.626898497387735,0.6640688984967824,30.0,0.45665910284608413,0.3144245804077957,0.21115112744373488,0.8293818887903339
drill-severe-load075-seed42,synthetic_raw_waveform_lab,generator_setting,drill,电钻,severe,重度,0.75,1800.0,42,2.0,25600.0,25600.0,10.0,2.0146357636780103,1.6041452817829662,4.786625816295648,30.0,1690.3450621307043,0.5,1.1912585763069083,1.3799560560016153,2.5712146323085237,7.5497141895253845,7.566969271999868,0.5107246027648218,1.6498688198867413,25.80715196487119,0.8582397416557607,30.0,0.5807897061588511,0.35388592246439965,0.23654216256457145,0.7329006974924773
drill-severe-load075-seed43,synthetic_raw_waveform_lab,generator_setting,drill,电钻,severe,重度,0.75,1800.0,43,2.0,25600.0,25600.0,10.0,2.0143145306806223,1.6028329719594114,4.771062717330618,30.0,1686.6988898008135,0.5,1.1925344616248639,1.37479403021698,2.5673284918418435,7.54984906760905,7.567115686257183,0.5109000543377021,1.61514976675236,25.814183509444568,0.8599005461803609,30.0,0.5811981228406996,0.3543229542108217,0.23657209091695833,0.7330395441412075
grinder-normal-load025-seed42,synthetic_raw_waveform_lab,generator_setting,grinder,角磨机,normal,正常,0.25,11000.0,42,2.0,25600.0,25600.0,10.0,1.1187167340116215,0.9411135990806208,1.5345368071374499,183.5,335.0734782144944,0.5,0.8474274061588201,0.0380638684843467,0.8854912746431669,6.499883169835705,6.501841677158835,0.15957435046449708,0.2982961458867912,25.126639743816476,0.14690515392620743,183.33333333333334,0.19496441954651372,0.050638946329415666,0.03266274893355294,0.30907737515649486
grinder-normal-load025-seed43,synthetic_raw_waveform_lab,generator_setting,grinder,角磨机,normal,正常,0.25,11000.0,43,2.0,25600.0,25600.0,10.0,1.1187702832768271,0.9411562082180551,1.5268061382434361,183.5,336.6356140014562,0.5,0.8484869859920667,0.03856164319782595,0.8870486291898928,6.5000180479193705,6.501982372843032,0.15981287020748255,0.2635770927524099,25.133671288389856,0.1485659584508036,183.33333333333334,0.19477098987605063,0.05121315758021852,0.03253121408271348,0.31150327227449304
grinder-normal-load075-seed42,synthetic_raw_waveform_lab,generator_setting,grinder,角磨机,normal,正常,0.75,11000.0,42,2.0,25600.0,25600.0,10.0,1.8371080812257643,1.6455343121371668,1.5676578340355345,183.5,295.9032390627511,0.5,2.6263489674458667,0.08146161276746858,2.7078105802133354,11.499969814488864,11.50270739878033,0.2509417617709996,0.5788309031206715,25.267608447572893,0.29455293449819353,183.33333333333334,0.30866908496903045,0.08463723456885931,0.05491972266959968,0.32686846240652423
grinder-normal-load075-seed43,synthetic_raw_waveform_lab,generator_setting,grinder,角磨机,normal,正常,0.75,11000.0,43,2.0,25600.0,25600.0,10.0,1.8372443034548365,1.645084046141998,1.5629835854975456,183.5,296.2670012104046,0.5,2.6273288287949446,0.08172261249713335,2.7090514412920776,11.500104692572531,11.502849895579873,0.25129222055841405,0.5441118499862903,25.274639992146273,0.2962137390227848,183.33333333333334,0.30865693208069417,0.08526528623567753,0.05481921537455592,0.32841391177151585
grinder-mild-load025-seed42,synthetic_raw_waveform_lab,generator_setting,grinder,角磨机,mild,轻度,0.25,11000.0,42,2.0,25600.0,25600.0,10.0,1.783420638754508,0.7508451643582328,1.4507183421321521,183.5,473.5151838227125,0.5,0.5212680057411936,0.04375573871566088,0.5650237444568544,6.94993643668651,6.9531755446601595,0.21221140609619693,0.4666170002271208,25.21122096607033,0.2354938222693993,183.33333333333334,0.24630246781387533,0.10038353687974089,0.06510952022706683,0.4857845078609725
grinder-mild-load025-seed43,synthetic_raw_waveform_lab,generator_setting,grinder,角磨机,mild,轻度,0.25,11000.0,43,2.0,25600.0,25600.0,10.0,1.7842035829976457,0.7521308154393378,1.4505611619874164,183.5,473.5651347576732,0.5,0.5236976689396211,0.0440041871206366,0.5677018560602577,6.950071314770176,6.9533241340261736,0.21266224968152275,0.43189794709273954,25.218252510643705,0.23715462679398971,183.33333333333334,0.2463494916903765,0.10100622100731485,0.06519461048256757,0.4880015816951899
grinder-mild-load075-seed42,synthetic_raw_waveform_lab,generator_setting,grinder,角磨机,mild,轻度,0.75,11000.0,42,2.0,25600.0,25600.0,10.0,2.424997113713757,1.2986014536671582,1.3965495571256665,183.5,458.50596320370283,0.5,1.5688815276128265,0.12003353079993041,1.6889150584127568,11.950023081339669,11.95388219207193,0.30372325789044036,0.7471517574610012,25.35218966982675,0.3831416028413771,183.33333333333334,0.3594009419296268,0.1360978450423403,0.09074916137188953,0.4551430204912206
grinder-mild-load075-seed43,synthetic_raw_waveform_lab,generator_setting,grinder,角磨机,mild,轻度,0.75,11000.0,43,2.0,25600.0,25600.0,10.0,2.4257283447457585,1.2993987703740937,1.3954925005255638,183.5,458.167970129037,0.5,1.5720165086454503,0.12024800707071036,1.692264515716161,11.950157959423336,11.954028587765292,0.30417794453412167,0.7124327043266199,25.359221214400126,0.3848024073659767,183.33333333333334,0.35953422521361716,0.1366975670752793,0.09067234044447252,0.4562449128883492
grinder-moderate-load025-seed42,synthetic_raw_waveform_lab,generator_setting,grinder,角磨机,moderate,中度,0.25,11000.0,42,2.0,25600.0,25600.0,10.0,3.4303582496797054,0.752856377537403,1.518162969219887,183.5,476.3836343192914,0.5,0.5225585053530889,0.04583483704606237,0.5683933423991513,7.550007459154249,7.555501918414801,0.2880913151848381,0.6910448060142258,25.323995929075465,0.3536120467269843,183.33333333333334,0.3141674042977098,0.17042204423219554,0.11349149037028562,0.6517337155444828
grinder-moderate-load025-seed43,synthetic_raw_waveform_lab,generator_setting,grinder,角磨机,moderate,中度,0.25,11000.0,43,2.0,25600.0,25600.0,10.0,3.431284825261853,0.7548346573644968,1.5150906872408283,183.5,476.6442009344108,0.5,0.5262043500825272,0.04618369531806777,0.5723880454005948,7.550142337237914,7.5556529318306485,0.2885167477438241,0.6563257528798445,25.331027473648838,0.35527285125157904,183.33333333333334,0.3140547461572726,0.17104886407145103,0.11380383139585272,0.6541800624778786
grinder-moderate-load075-seed42,synthetic_raw_waveform_lab,generator_setting,grinder,角磨机,moderate,中度,0.75,11000.0,42,2.0,25600.0,25600.0,10.0,4.126957656378359,1.2401774929688507,1.512180917060576,183.5,476.7293051004043,0.5,1.4177844393885293,0.12446423130918693,1.5422486706977159,12.55009410380741,12.555794496302335,0.37830334251034353,0.9715795632481097,25.464964632831887,0.5012598272989716,183.33333333333334,0.4263905681160403,0.20584565774306007,0.1408173922716605,0.5849173315364059
grinder-moderate-load075-seed43,synthetic_raw_waveform_lab,generator_setting,grinder,角磨机,moderate,中度,0.75,11000.0,43,2.0,25600.0,25600.0,10.0,4.1278794146474915,1.2421388190779172,1.5105928699621092,183.5,476.86645958032557,0.5,1.4238687165253066,0.12504004256206996,1.5489087590873762,12.550228981891074,12.55594373392884,0.37878166757153714,0.9368605101137284,25.47199617740526,0.5029206318235633,183.33333333333334,0.4264443772980893,0.20650968215030394,0.14105733037525914,0.5864465257033628
grinder-severe-load025-seed42,synthetic_raw_waveform_lab,generator_setting,grinder,角磨机,severe,重度,0.25,11000.0,42,2.0,25600.0,25600.0,10.0,5.671620382213183,0.7772077685951011,1.5245571750684304,183.5,476.25412255989477,0.5,0.5570726780058706,0.048844871024704695,0.6059175490305753,8.300096237238925,8.309106253989754,0.3868451791917177,0.9715795632481097,25.464964632831887,0.5012598272989716,183.33333333333334,0.3981075949553581,0.2588790840518175,0.17584818858135187,0.7861071161510704
grinder-severe-load025-seed43,synthetic_raw_waveform_lab,generator_setting,grinder,角磨机,severe,重度,0.25,11000.0,43,2.0,25600.0,25600.0,10.0,5.672573606041914,0.7792382423601293,1.5209389190698657,183.5,476.50205946457635,0.5,0.5607275278506653,0.04919493242402943,0.6099224602746947,8.300231115322589,8.309264727078263,0.387354794597553,0.9368605101137284,25.47199617740526,0.5029206318235633,183.33333333333334,0.39803518942623445,0.2595812200871725,0.17628620235600745,0.7883276505200949
grinder-severe-load075-seed42,synthetic_raw_waveform_lab,generator_setting,grinder,角磨机,severe,重度,0.75,11000.0,42,2.0,25600.0,25600.0,10.0,6.597198029812699,1.2637055875054302,1.516271818456046,183.5,476.6578769201303,0.5,1.4724718472152984,0.12924018167405907,1.6017120288893572,13.30018288189208,13.3086760446349,0.4753875989796556,1.2521143204819936,25.605933336588304,0.6489076078709464,183.33333333333334,0.5097775737485662,0.29450361265188113,0.20419726416879969,0.7029924428351206
grinder-severe-load075-seed43,synthetic_raw_waveform_lab,generator_setting,grinder,角磨机,severe,重度,0.75,11000.0,43,2.0,25600.0,25600.0,10.0,6.59815946026463,1.2657104429517874,1.5143858204558094,183.5,476.79135770904344,0.5,1.4785663859951554,0.12981736393249207,1.6083837499276477,13.300317759975748,13.308827209831305,0.47584575738342094,1.2173952673476123,25.61296488116168,0.6505684123955426,183.33333333333334,0.5096970476449348,0.2951198874993707,0.2045786187511233,0.7045234537531281
impact_wrench-normal-load025-seed42,synthetic_raw_waveform_lab,generator_setting,impact_wrench,冲击扳手,normal,正常,0.25,2200.0,42,2.0,25600.0,25600.0,10.0,0.841242989417209,0.8093133749422889,1.651266016944591,36.5,62.75066471703366,0.5,0.6490641251317848,0.0034328820246239474,0.652497007156409,6.000668877039935,6.003376901851312,0.18029768108919314,0.3502866553684818,25.152923432987194,0.17426715260515957,36.666666666666664,0.22111515822067956,0.0702077443290894,0.03785736701303294,0.3607354433221127
impact_wrench-normal-load025-seed43,synthetic_raw_waveform_lab,generator_setting,impact_wrench,冲击扳手,normal,正常,0.25,2200.0,43,2.0,25600.0,25600.0,10.0,0.8408395189678525,0.8091907113280059,1.6502768429842152,36.5,62.56149745460006,0.5,0.6496925205229871,0.0034123045719885686,0.6531048250949755,6.000803755123601,6.00351964565555,0.1805614251899371,0.3155676022341005,25.159954977560577,0.17592795712976428,36.666666666666664,0.22196938698613178,0.06945516379886249,0.03801132411350616,0.3566990184908607
impact_wrench-normal-load075-seed42,synthetic_raw_waveform_lab,generator_setting,impact_wrench,冲击扳手,normal,正常,0.75,2200.0,42,2.0,25600.0,25600.0,10.0,1.3903298488612708,1.3543406796605861,1.6597668144027045,36.5,64.06389744452134,0.5,1.8157543952434905,0.013083187354915352,1.8288375825984056,12.001159565368686,12.004289618135008,0.2741137038230855,0.6858701873476853,25.321721925277327,0.35088646119015543,36.666666666666664,0.3367675754765521,0.10662007628436002,0.06249853997439983,0.3669820457059853
impact_wrench-normal-load075-seed43,synthetic_raw_waveform_lab,generator_setting,impact_wrench,冲击扳手,normal,正常,0.75,2200.0,43,2.0,25600.0,25600.0,10.0,1.3901364080981016,1.3542032829801602,1.6593687890087685,36.5,64.20765394491356,0.5,1.8168111347443658,0.013097989661961938,1.829909124406328,12.00129444345235,12.004430565413395,0.2743809056604888,0.6511511342133041,25.328753469850703,0.352547265714753,36.666666666666664,0.33762053549943044,0.10587371966121277,0.06269523733272234,0.3644459966003821
impact_wrench-mild-load025-seed42,synthetic_raw_waveform_lab,generator_setting,impact_wrench,冲击扳手,mild,轻度,0.25,2200.0,42,2.0,25600.0,25600.0,10.0,0.934762946359285,0.816922078397534,1.7110763098133528,36.5,145.84450635324512,0.5,0.6478543653511005,0.017252884312090194,0.6651072496631906,6.450929842788356,6.455251496114405,0.23616951858757804,0.5516367745560053,25.254202528361272,0.280238737756159,36.666666666666664,0.2717530498897767,0.12481205945239335,0.07913865847489535,0.5438280551731213
impact_wrench-mild-load025-seed43,synthetic_raw_waveform_lab,generator_setting,impact_wrench,冲击扳手,mild,轻度,0.25,2200.0,43,2.0,25600.0,25600.0,10.0,0.9351883831126323,0.8164869517983941,1.7097678039026154,36.5,143.48265675015438,0.5,0.6483568237908789,0.016886456250988325,0.6652432800418673,6.4510647208720195,6.455393037724794,0.23635405354285216,0.5169177214216241,25.261234072934656,0.2818995422807594,36.666666666666664,0.2725938375595255,0.12410875168026995,0.07939545301121906,0.5404805503435631
impact_wrench-mild-load075-seed42,synthetic_raw_waveform_lab,generator_setting,impact_wrench,冲击扳手,mild,轻度,0.75,2200.0,42,2.0,25600.0,25600.0,10.0,1.4666504287636142,1.3601955378196378,1.6924914931390818,36.5,116.10031214310463,0.5,1.808952157828229,0.03604150249416576,1.844993660322395,12.451420531117105,12.45578181055623,0.32958651285945456,0.8872203065352089,25.4230010206514,0.45685804634115545,36.666666666666664,0.3873893251227824,0.16161951787674084,0.10436872091232788,0.49663073374873357
impact_wrench-mild-load075-seed43,synthetic_raw_waveform_lab,generator_setting,impact_wrench,冲击扳手,mild,轻度,0.75,2200.0,43,2.0,25600.0,25600.0,10.0,1.4670397220010112,1.359511923177688,1.6910730778957468,36.5,114.01967777706678,0.5,1.8096262437717123,0.03503271131487155,1.8446589550865837,12.451555409200772,12.4559221670892,0.32979527617470306,0.8525012534008276,25.430032565224778,0.4585188508657501,36.666666666666664,0.38821523277220416,0.1608949925784323,0.10467220004488466,0.4944332624204362
impact_wrench-moderate-load025-seed42,synthetic_raw_waveform_lab,generator_setting,impact_wrench,冲击扳手,moderate,中度,0.25,2200.0,42,2.0,25600.0,25600.0,10.0,1.2707454148437782,0.9271705639316331,2.571423132110938,36.5,1002.5482838439218,0.5,0.6497700139488757,0.20847761890024966,0.8582476328491254,7.051277797119578,7.058354960068612,0.3160002692619774,0.8201036001393689,25.389241322193378,0.4215341846241582,36.666666666666664,0.3391198236296056,0.19855085356235383,0.13586722294589743,0.7094468687880084
impact_wrench-moderate-load025-seed43,synthetic_raw_waveform_lab,generator_setting,impact_wrench,冲击扳手,moderate,中度,0.25,2200.0,43,2.0,25600.0,25600.0,10.0,1.271831387218081,0.9266753558178674,2.580879879381564,36.5,1000.2562014326976,0.5,0.6503931601034164,0.20782770838148357,0.8582208684849001,7.051412675203245,7.058495359247302,0.31612658935735616,0.7853845470049876,25.396272866766754,0.42319498914875087,36.666666666666664,0.33995993078309195,0.19786748681428504,0.13613107206957598,0.7064752995587815
impact_wrench-moderate-load075-seed42,synthetic_raw_waveform_lab,generator_setting,impact_wrench,冲击扳手,moderate,中度,0.75,2200.0,42,2.0,25600.0,25600.0,10.0,1.7653487785397273,1.4550816011797056,2.1287877398681005,36.5,609.4201266432303,0.5,1.8066888925566598,0.30668700265084803,2.1133758952075072,13.051768485448333,13.058140815546368,0.4078982236977445,1.1556871321185724,25.558039814483504,0.5981534932091541,36.666666666666664,0.4547858731591205,0.23558195787431607,0.16144660078496006,0.627974385217443
impact_wrench-moderate-load075-seed43,synthetic_raw_waveform_lab,generator_setting,impact_wrench,冲击扳手,moderate,中度,0.75,2200.0,43,2.0,25600.0,25600.0,10.0,1.7663063920592552,1.4541582496167775,2.1296359081884186,36.5,606.0696690400799,0.5,1.807711131891463,0.3045143998839841,2.1122255317754464,13.051903363531995,13.05828070349566,0.40806068214086705,1.1209680789841912,25.565071359056883,0.5998142977337473,36.666666666666664,0.45560992423914976,0.23488246505501584,0.16177891656791743,0.6259861948295214
impact_wrench-severe-load025-seed42,synthetic_raw_waveform_lab,generator_setting,impact_wrench,冲击扳手,severe,重度,0.25,2200.0,42,2.0,25600.0,25600.0,10.0,1.8374057898099134,1.2207852080973478,4.443123018953739,36.5,2173.3938318433065,0.5,0.6570095987187031,0.8325560488534829,1.489565647572186,7.80171274003361,7.812991261121872,0.41965553536681977,1.1556871321185724,25.558039814483504,0.5981534932091541,36.666666666666664,0.42325749646647715,0.29129891201788033,0.20792987317719797,0.8455762273847262
impact_wrench-severe-load025-seed43,synthetic_raw_waveform_lab,generator_setting,impact_wrench,冲击扳手,severe,重度,0.25,2200.0,43,2.0,25600.0,25600.0,10.0,1.8388252315741271,1.2226837258973822,4.469047568694284,36.5,2174.09774143865,0.5,0.6575725785269244,0.8372932050831043,1.4948657836100292,7.801847618117276,7.8131304573333065,0.4197395466085596,1.1209680789841912,25.565071359056883,0.5998142977337473,36.666666666666664,0.42409281960024253,0.29059716342789926,0.2082757119093857,0.8430392653526493
impact_wrench-severe-load075-seed42,synthetic_raw_waveform_lab,generator_setting,impact_wrench,冲击扳手,severe,重度,0.75,2200.0,42,2.0,25600.0,25600.0,10.0,2.325398733546507,1.7226765782677715,3.314837739799138,36.5,1512.6955804176578,0.5,1.8124998684502087,1.1521776518076987,2.964677520257908,13.802203428362361,13.811610401385442,0.5096689138654491,1.491270664097776,25.72683830677363,0.7747728017941505,36.666666666666664,0.5389933203922509,0.3283715244819571,0.2336228765035677,0.7476867185388243
impact_wrench-severe-load075-seed43,synthetic_raw_waveform_lab,generator_setting,impact_wrench,冲击扳手,severe,重度,0.75,2200.0,43,2.0,25600.0,25600.0,10.0,2.326727551620318,1.723222481651588,3.325229420369023,36.5,1512.585318956799,0.5,1.8135019749991403,1.154377433447981,2.967879408447121,13.802338306446027,13.811749644222536,0.5097896714273252,1.4565516109633947,25.73386985134701,0.7764336063187466,36.666666666666664,0.5398201034255633,0.327672175673242,0.23397614759657967,0.7458664330051231
